Image,Mask
D:\challenge\data\KiPA2022\trainstage\augtrain/Image/0_1.npy,D:\challenge\data\KiPA2022\trainstage\augtrain/Mask/0_1.npy
D:\challenge\data\KiPA2022\trainstage\augtrain/Image/0_10.npy,D:\challenge\data\KiPA2022\trainstage\augtrain/Mask/0_10.npy
D:\challenge\data\KiPA2022\trainstage\augtrain/Image/0_2.npy,D:\challenge\data\KiPA2022\trainstage\augtrain/Mask/0_2.npy
D:\challenge\data\KiPA2022\trainstage\augtrain/Image/0_3.npy,D:\challenge\data\KiPA2022\trainstage\augtrain/Mask/0_3.npy
D:\challenge\data\KiPA2022\trainstage\augtrain/Image/0_4.npy,D:\challenge\data\KiPA2022\trainstage\augtrain/Mask/0_4.npy
D:\challenge\data\KiPA2022\trainstage\augtrain/Image/0_5.npy,D:\challenge\data\KiPA2022\trainstage\augtrain/Mask/0_5.npy
D:\challenge\data\KiPA2022\trainstage\augtrain/Image/0_6.npy,D:\challenge\data\KiPA2022\trainstage\augtrain/Mask/0_6.npy
D:\challenge\data\KiPA2022\trainstage\augtrain/Image/0_7.npy,D:\challenge\data\KiPA2022\trainstage\augtrain/Mask/0_7.npy
D:\challenge\data\KiPA2022\trainstage\augtrain/Image/0_8.npy,D:\challenge\data\KiPA2022\trainstage\augtrain/Mask/0_8.npy
D:\challenge\data\KiPA2022\trainstage\augtrain/Image/0_9.npy,D:\challenge\data\KiPA2022\trainstage\augtrain/Mask/0_9.npy
D:\challenge\data\KiPA2022\trainstage\augtrain/Image/10_1.npy,D:\challenge\data\KiPA2022\trainstage\augtrain/Mask/10_1.npy
D:\challenge\data\KiPA2022\trainstage\augtrain/Image/10_10.npy,D:\challenge\data\KiPA2022\trainstage\augtrain/Mask/10_10.npy
D:\challenge\data\KiPA2022\trainstage\augtrain/Image/10_2.npy,D:\challenge\data\KiPA2022\trainstage\augtrain/Mask/10_2.npy
D:\challenge\data\KiPA2022\trainstage\augtrain/Image/10_3.npy,D:\challenge\data\KiPA2022\trainstage\augtrain/Mask/10_3.npy
D:\challenge\data\KiPA2022\trainstage\augtrain/Image/10_4.npy,D:\challenge\data\KiPA2022\trainstage\augtrain/Mask/10_4.npy
D:\challenge\data\KiPA2022\trainstage\augtrain/Image/10_5.npy,D:\challenge\data\KiPA2022\trainstage\augtrain/Mask/10_5.npy
D:\challenge\data\KiPA2022\trainstage\augtrain/Image/10_6.npy,D:\challenge\data\KiPA2022\trainstage\augtrain/Mask/10_6.npy
D:\challenge\data\KiPA2022\trainstage\augtrain/Image/10_7.npy,D:\challenge\data\KiPA2022\trainstage\augtrain/Mask/10_7.npy
D:\challenge\data\KiPA2022\trainstage\augtrain/Image/10_8.npy,D:\challenge\data\KiPA2022\trainstage\augtrain/Mask/10_8.npy
D:\challenge\data\KiPA2022\trainstage\augtrain/Image/10_9.npy,D:\challenge\data\KiPA2022\trainstage\augtrain/Mask/10_9.npy
D:\challenge\data\KiPA2022\trainstage\augtrain/Image/11_1.npy,D:\challenge\data\KiPA2022\trainstage\augtrain/Mask/11_1.npy
D:\challenge\data\KiPA2022\trainstage\augtrain/Image/11_10.npy,D:\challenge\data\KiPA2022\trainstage\augtrain/Mask/11_10.npy
D:\challenge\data\KiPA2022\trainstage\augtrain/Image/11_2.npy,D:\challenge\data\KiPA2022\trainstage\augtrain/Mask/11_2.npy
D:\challenge\data\KiPA2022\trainstage\augtrain/Image/11_3.npy,D:\challenge\data\KiPA2022\trainstage\augtrain/Mask/11_3.npy
D:\challenge\data\KiPA2022\trainstage\augtrain/Image/11_4.npy,D:\challenge\data\KiPA2022\trainstage\augtrain/Mask/11_4.npy
D:\challenge\data\KiPA2022\trainstage\augtrain/Image/11_5.npy,D:\challenge\data\KiPA2022\trainstage\augtrain/Mask/11_5.npy
D:\challenge\data\KiPA2022\trainstage\augtrain/Image/11_6.npy,D:\challenge\data\KiPA2022\trainstage\augtrain/Mask/11_6.npy
D:\challenge\data\KiPA2022\trainstage\augtrain/Image/11_7.npy,D:\challenge\data\KiPA2022\trainstage\augtrain/Mask/11_7.npy
D:\challenge\data\KiPA2022\trainstage\augtrain/Image/11_8.npy,D:\challenge\data\KiPA2022\trainstage\augtrain/Mask/11_8.npy
D:\challenge\data\KiPA2022\trainstage\augtrain/Image/11_9.npy,D:\challenge\data\KiPA2022\trainstage\augtrain/Mask/11_9.npy
D:\challenge\data\KiPA2022\trainstage\augtrain/Image/12_1.npy,D:\challenge\data\KiPA2022\trainstage\augtrain/Mask/12_1.npy
D:\challenge\data\KiPA2022\trainstage\augtrain/Image/12_10.npy,D:\challenge\data\KiPA2022\trainstage\augtrain/Mask/12_10.npy
D:\challenge\data\KiPA2022\trainstage\augtrain/Image/12_2.npy,D:\challenge\data\KiPA2022\trainstage\augtrain/Mask/12_2.npy
D:\challenge\data\KiPA2022\trainstage\augtrain/Image/12_3.npy,D:\challenge\data\KiPA2022\trainstage\augtrain/Mask/12_3.npy
D:\challenge\data\KiPA2022\trainstage\augtrain/Image/12_4.npy,D:\challenge\data\KiPA2022\trainstage\augtrain/Mask/12_4.npy
D:\challenge\data\KiPA2022\trainstage\augtrain/Image/12_5.npy,D:\challenge\data\KiPA2022\trainstage\augtrain/Mask/12_5.npy
D:\challenge\data\KiPA2022\trainstage\augtrain/Image/12_6.npy,D:\challenge\data\KiPA2022\trainstage\augtrain/Mask/12_6.npy
D:\challenge\data\KiPA2022\trainstage\augtrain/Image/12_7.npy,D:\challenge\data\KiPA2022\trainstage\augtrain/Mask/12_7.npy
D:\challenge\data\KiPA2022\trainstage\augtrain/Image/12_8.npy,D:\challenge\data\KiPA2022\trainstage\augtrain/Mask/12_8.npy
D:\challenge\data\KiPA2022\trainstage\augtrain/Image/12_9.npy,D:\challenge\data\KiPA2022\trainstage\augtrain/Mask/12_9.npy
D:\challenge\data\KiPA2022\trainstage\augtrain/Image/13_1.npy,D:\challenge\data\KiPA2022\trainstage\augtrain/Mask/13_1.npy
D:\challenge\data\KiPA2022\trainstage\augtrain/Image/13_10.npy,D:\challenge\data\KiPA2022\trainstage\augtrain/Mask/13_10.npy
D:\challenge\data\KiPA2022\trainstage\augtrain/Image/13_2.npy,D:\challenge\data\KiPA2022\trainstage\augtrain/Mask/13_2.npy
D:\challenge\data\KiPA2022\trainstage\augtrain/Image/13_3.npy,D:\challenge\data\KiPA2022\trainstage\augtrain/Mask/13_3.npy
D:\challenge\data\KiPA2022\trainstage\augtrain/Image/13_4.npy,D:\challenge\data\KiPA2022\trainstage\augtrain/Mask/13_4.npy
D:\challenge\data\KiPA2022\trainstage\augtrain/Image/13_5.npy,D:\challenge\data\KiPA2022\trainstage\augtrain/Mask/13_5.npy
D:\challenge\data\KiPA2022\trainstage\augtrain/Image/13_6.npy,D:\challenge\data\KiPA2022\trainstage\augtrain/Mask/13_6.npy
D:\challenge\data\KiPA2022\trainstage\augtrain/Image/13_7.npy,D:\challenge\data\KiPA2022\trainstage\augtrain/Mask/13_7.npy
D:\challenge\data\KiPA2022\trainstage\augtrain/Image/13_8.npy,D:\challenge\data\KiPA2022\trainstage\augtrain/Mask/13_8.npy
D:\challenge\data\KiPA2022\trainstage\augtrain/Image/13_9.npy,D:\challenge\data\KiPA2022\trainstage\augtrain/Mask/13_9.npy
D:\challenge\data\KiPA2022\trainstage\augtrain/Image/14_1.npy,D:\challenge\data\KiPA2022\trainstage\augtrain/Mask/14_1.npy
D:\challenge\data\KiPA2022\trainstage\augtrain/Image/14_10.npy,D:\challenge\data\KiPA2022\trainstage\augtrain/Mask/14_10.npy
D:\challenge\data\KiPA2022\trainstage\augtrain/Image/14_2.npy,D:\challenge\data\KiPA2022\trainstage\augtrain/Mask/14_2.npy
D:\challenge\data\KiPA2022\trainstage\augtrain/Image/14_3.npy,D:\challenge\data\KiPA2022\trainstage\augtrain/Mask/14_3.npy
D:\challenge\data\KiPA2022\trainstage\augtrain/Image/14_4.npy,D:\challenge\data\KiPA2022\trainstage\augtrain/Mask/14_4.npy
D:\challenge\data\KiPA2022\trainstage\augtrain/Image/14_5.npy,D:\challenge\data\KiPA2022\trainstage\augtrain/Mask/14_5.npy
D:\challenge\data\KiPA2022\trainstage\augtrain/Image/14_6.npy,D:\challenge\data\KiPA2022\trainstage\augtrain/Mask/14_6.npy
D:\challenge\data\KiPA2022\trainstage\augtrain/Image/14_7.npy,D:\challenge\data\KiPA2022\trainstage\augtrain/Mask/14_7.npy
D:\challenge\data\KiPA2022\trainstage\augtrain/Image/14_8.npy,D:\challenge\data\KiPA2022\trainstage\augtrain/Mask/14_8.npy
D:\challenge\data\KiPA2022\trainstage\augtrain/Image/14_9.npy,D:\challenge\data\KiPA2022\trainstage\augtrain/Mask/14_9.npy
D:\challenge\data\KiPA2022\trainstage\augtrain/Image/15_1.npy,D:\challenge\data\KiPA2022\trainstage\augtrain/Mask/15_1.npy
D:\challenge\data\KiPA2022\trainstage\augtrain/Image/15_10.npy,D:\challenge\data\KiPA2022\trainstage\augtrain/Mask/15_10.npy
D:\challenge\data\KiPA2022\trainstage\augtrain/Image/15_2.npy,D:\challenge\data\KiPA2022\trainstage\augtrain/Mask/15_2.npy
D:\challenge\data\KiPA2022\trainstage\augtrain/Image/15_3.npy,D:\challenge\data\KiPA2022\trainstage\augtrain/Mask/15_3.npy
D:\challenge\data\KiPA2022\trainstage\augtrain/Image/15_4.npy,D:\challenge\data\KiPA2022\trainstage\augtrain/Mask/15_4.npy
D:\challenge\data\KiPA2022\trainstage\augtrain/Image/15_5.npy,D:\challenge\data\KiPA2022\trainstage\augtrain/Mask/15_5.npy
D:\challenge\data\KiPA2022\trainstage\augtrain/Image/15_6.npy,D:\challenge\data\KiPA2022\trainstage\augtrain/Mask/15_6.npy
D:\challenge\data\KiPA2022\trainstage\augtrain/Image/15_7.npy,D:\challenge\data\KiPA2022\trainstage\augtrain/Mask/15_7.npy
D:\challenge\data\KiPA2022\trainstage\augtrain/Image/15_8.npy,D:\challenge\data\KiPA2022\trainstage\augtrain/Mask/15_8.npy
D:\challenge\data\KiPA2022\trainstage\augtrain/Image/15_9.npy,D:\challenge\data\KiPA2022\trainstage\augtrain/Mask/15_9.npy
D:\challenge\data\KiPA2022\trainstage\augtrain/Image/16_1.npy,D:\challenge\data\KiPA2022\trainstage\augtrain/Mask/16_1.npy
D:\challenge\data\KiPA2022\trainstage\augtrain/Image/16_10.npy,D:\challenge\data\KiPA2022\trainstage\augtrain/Mask/16_10.npy
D:\challenge\data\KiPA2022\trainstage\augtrain/Image/16_2.npy,D:\challenge\data\KiPA2022\trainstage\augtrain/Mask/16_2.npy
D:\challenge\data\KiPA2022\trainstage\augtrain/Image/16_3.npy,D:\challenge\data\KiPA2022\trainstage\augtrain/Mask/16_3.npy
D:\challenge\data\KiPA2022\trainstage\augtrain/Image/16_4.npy,D:\challenge\data\KiPA2022\trainstage\augtrain/Mask/16_4.npy
D:\challenge\data\KiPA2022\trainstage\augtrain/Image/16_5.npy,D:\challenge\data\KiPA2022\trainstage\augtrain/Mask/16_5.npy
D:\challenge\data\KiPA2022\trainstage\augtrain/Image/16_6.npy,D:\challenge\data\KiPA2022\trainstage\augtrain/Mask/16_6.npy
D:\challenge\data\KiPA2022\trainstage\augtrain/Image/16_7.npy,D:\challenge\data\KiPA2022\trainstage\augtrain/Mask/16_7.npy
D:\challenge\data\KiPA2022\trainstage\augtrain/Image/16_8.npy,D:\challenge\data\KiPA2022\trainstage\augtrain/Mask/16_8.npy
D:\challenge\data\KiPA2022\trainstage\augtrain/Image/16_9.npy,D:\challenge\data\KiPA2022\trainstage\augtrain/Mask/16_9.npy
D:\challenge\data\KiPA2022\trainstage\augtrain/Image/17_1.npy,D:\challenge\data\KiPA2022\trainstage\augtrain/Mask/17_1.npy
D:\challenge\data\KiPA2022\trainstage\augtrain/Image/17_10.npy,D:\challenge\data\KiPA2022\trainstage\augtrain/Mask/17_10.npy
D:\challenge\data\KiPA2022\trainstage\augtrain/Image/17_2.npy,D:\challenge\data\KiPA2022\trainstage\augtrain/Mask/17_2.npy
D:\challenge\data\KiPA2022\trainstage\augtrain/Image/17_3.npy,D:\challenge\data\KiPA2022\trainstage\augtrain/Mask/17_3.npy
D:\challenge\data\KiPA2022\trainstage\augtrain/Image/17_4.npy,D:\challenge\data\KiPA2022\trainstage\augtrain/Mask/17_4.npy
D:\challenge\data\KiPA2022\trainstage\augtrain/Image/17_5.npy,D:\challenge\data\KiPA2022\trainstage\augtrain/Mask/17_5.npy
D:\challenge\data\KiPA2022\trainstage\augtrain/Image/17_6.npy,D:\challenge\data\KiPA2022\trainstage\augtrain/Mask/17_6.npy
D:\challenge\data\KiPA2022\trainstage\augtrain/Image/17_7.npy,D:\challenge\data\KiPA2022\trainstage\augtrain/Mask/17_7.npy
D:\challenge\data\KiPA2022\trainstage\augtrain/Image/17_8.npy,D:\challenge\data\KiPA2022\trainstage\augtrain/Mask/17_8.npy
D:\challenge\data\KiPA2022\trainstage\augtrain/Image/17_9.npy,D:\challenge\data\KiPA2022\trainstage\augtrain/Mask/17_9.npy
D:\challenge\data\KiPA2022\trainstage\augtrain/Image/18_1.npy,D:\challenge\data\KiPA2022\trainstage\augtrain/Mask/18_1.npy
D:\challenge\data\KiPA2022\trainstage\augtrain/Image/18_10.npy,D:\challenge\data\KiPA2022\trainstage\augtrain/Mask/18_10.npy
D:\challenge\data\KiPA2022\trainstage\augtrain/Image/18_2.npy,D:\challenge\data\KiPA2022\trainstage\augtrain/Mask/18_2.npy
D:\challenge\data\KiPA2022\trainstage\augtrain/Image/18_3.npy,D:\challenge\data\KiPA2022\trainstage\augtrain/Mask/18_3.npy
D:\challenge\data\KiPA2022\trainstage\augtrain/Image/18_4.npy,D:\challenge\data\KiPA2022\trainstage\augtrain/Mask/18_4.npy
D:\challenge\data\KiPA2022\trainstage\augtrain/Image/18_5.npy,D:\challenge\data\KiPA2022\trainstage\augtrain/Mask/18_5.npy
D:\challenge\data\KiPA2022\trainstage\augtrain/Image/18_6.npy,D:\challenge\data\KiPA2022\trainstage\augtrain/Mask/18_6.npy
D:\challenge\data\KiPA2022\trainstage\augtrain/Image/18_7.npy,D:\challenge\data\KiPA2022\trainstage\augtrain/Mask/18_7.npy
D:\challenge\data\KiPA2022\trainstage\augtrain/Image/18_8.npy,D:\challenge\data\KiPA2022\trainstage\augtrain/Mask/18_8.npy
D:\challenge\data\KiPA2022\trainstage\augtrain/Image/18_9.npy,D:\challenge\data\KiPA2022\trainstage\augtrain/Mask/18_9.npy
D:\challenge\data\KiPA2022\trainstage\augtrain/Image/19_1.npy,D:\challenge\data\KiPA2022\trainstage\augtrain/Mask/19_1.npy
D:\challenge\data\KiPA2022\trainstage\augtrain/Image/19_10.npy,D:\challenge\data\KiPA2022\trainstage\augtrain/Mask/19_10.npy
D:\challenge\data\KiPA2022\trainstage\augtrain/Image/19_2.npy,D:\challenge\data\KiPA2022\trainstage\augtrain/Mask/19_2.npy
D:\challenge\data\KiPA2022\trainstage\augtrain/Image/19_3.npy,D:\challenge\data\KiPA2022\trainstage\augtrain/Mask/19_3.npy
D:\challenge\data\KiPA2022\trainstage\augtrain/Image/19_4.npy,D:\challenge\data\KiPA2022\trainstage\augtrain/Mask/19_4.npy
D:\challenge\data\KiPA2022\trainstage\augtrain/Image/19_5.npy,D:\challenge\data\KiPA2022\trainstage\augtrain/Mask/19_5.npy
D:\challenge\data\KiPA2022\trainstage\augtrain/Image/19_6.npy,D:\challenge\data\KiPA2022\trainstage\augtrain/Mask/19_6.npy
D:\challenge\data\KiPA2022\trainstage\augtrain/Image/19_7.npy,D:\challenge\data\KiPA2022\trainstage\augtrain/Mask/19_7.npy
D:\challenge\data\KiPA2022\trainstage\augtrain/Image/19_8.npy,D:\challenge\data\KiPA2022\trainstage\augtrain/Mask/19_8.npy
D:\challenge\data\KiPA2022\trainstage\augtrain/Image/19_9.npy,D:\challenge\data\KiPA2022\trainstage\augtrain/Mask/19_9.npy
D:\challenge\data\KiPA2022\trainstage\augtrain/Image/1_1.npy,D:\challenge\data\KiPA2022\trainstage\augtrain/Mask/1_1.npy
D:\challenge\data\KiPA2022\trainstage\augtrain/Image/1_10.npy,D:\challenge\data\KiPA2022\trainstage\augtrain/Mask/1_10.npy
D:\challenge\data\KiPA2022\trainstage\augtrain/Image/1_2.npy,D:\challenge\data\KiPA2022\trainstage\augtrain/Mask/1_2.npy
D:\challenge\data\KiPA2022\trainstage\augtrain/Image/1_3.npy,D:\challenge\data\KiPA2022\trainstage\augtrain/Mask/1_3.npy
D:\challenge\data\KiPA2022\trainstage\augtrain/Image/1_4.npy,D:\challenge\data\KiPA2022\trainstage\augtrain/Mask/1_4.npy
D:\challenge\data\KiPA2022\trainstage\augtrain/Image/1_5.npy,D:\challenge\data\KiPA2022\trainstage\augtrain/Mask/1_5.npy
D:\challenge\data\KiPA2022\trainstage\augtrain/Image/1_6.npy,D:\challenge\data\KiPA2022\trainstage\augtrain/Mask/1_6.npy
D:\challenge\data\KiPA2022\trainstage\augtrain/Image/1_7.npy,D:\challenge\data\KiPA2022\trainstage\augtrain/Mask/1_7.npy
D:\challenge\data\KiPA2022\trainstage\augtrain/Image/1_8.npy,D:\challenge\data\KiPA2022\trainstage\augtrain/Mask/1_8.npy
D:\challenge\data\KiPA2022\trainstage\augtrain/Image/1_9.npy,D:\challenge\data\KiPA2022\trainstage\augtrain/Mask/1_9.npy
D:\challenge\data\KiPA2022\trainstage\augtrain/Image/20_1.npy,D:\challenge\data\KiPA2022\trainstage\augtrain/Mask/20_1.npy
D:\challenge\data\KiPA2022\trainstage\augtrain/Image/20_10.npy,D:\challenge\data\KiPA2022\trainstage\augtrain/Mask/20_10.npy
D:\challenge\data\KiPA2022\trainstage\augtrain/Image/20_2.npy,D:\challenge\data\KiPA2022\trainstage\augtrain/Mask/20_2.npy
D:\challenge\data\KiPA2022\trainstage\augtrain/Image/20_3.npy,D:\challenge\data\KiPA2022\trainstage\augtrain/Mask/20_3.npy
D:\challenge\data\KiPA2022\trainstage\augtrain/Image/20_4.npy,D:\challenge\data\KiPA2022\trainstage\augtrain/Mask/20_4.npy
D:\challenge\data\KiPA2022\trainstage\augtrain/Image/20_5.npy,D:\challenge\data\KiPA2022\trainstage\augtrain/Mask/20_5.npy
D:\challenge\data\KiPA2022\trainstage\augtrain/Image/20_6.npy,D:\challenge\data\KiPA2022\trainstage\augtrain/Mask/20_6.npy
D:\challenge\data\KiPA2022\trainstage\augtrain/Image/20_7.npy,D:\challenge\data\KiPA2022\trainstage\augtrain/Mask/20_7.npy
D:\challenge\data\KiPA2022\trainstage\augtrain/Image/20_8.npy,D:\challenge\data\KiPA2022\trainstage\augtrain/Mask/20_8.npy
D:\challenge\data\KiPA2022\trainstage\augtrain/Image/20_9.npy,D:\challenge\data\KiPA2022\trainstage\augtrain/Mask/20_9.npy
D:\challenge\data\KiPA2022\trainstage\augtrain/Image/21_1.npy,D:\challenge\data\KiPA2022\trainstage\augtrain/Mask/21_1.npy
D:\challenge\data\KiPA2022\trainstage\augtrain/Image/21_10.npy,D:\challenge\data\KiPA2022\trainstage\augtrain/Mask/21_10.npy
D:\challenge\data\KiPA2022\trainstage\augtrain/Image/21_2.npy,D:\challenge\data\KiPA2022\trainstage\augtrain/Mask/21_2.npy
D:\challenge\data\KiPA2022\trainstage\augtrain/Image/21_3.npy,D:\challenge\data\KiPA2022\trainstage\augtrain/Mask/21_3.npy
D:\challenge\data\KiPA2022\trainstage\augtrain/Image/21_4.npy,D:\challenge\data\KiPA2022\trainstage\augtrain/Mask/21_4.npy
D:\challenge\data\KiPA2022\trainstage\augtrain/Image/21_5.npy,D:\challenge\data\KiPA2022\trainstage\augtrain/Mask/21_5.npy
D:\challenge\data\KiPA2022\trainstage\augtrain/Image/21_6.npy,D:\challenge\data\KiPA2022\trainstage\augtrain/Mask/21_6.npy
D:\challenge\data\KiPA2022\trainstage\augtrain/Image/21_7.npy,D:\challenge\data\KiPA2022\trainstage\augtrain/Mask/21_7.npy
D:\challenge\data\KiPA2022\trainstage\augtrain/Image/21_8.npy,D:\challenge\data\KiPA2022\trainstage\augtrain/Mask/21_8.npy
D:\challenge\data\KiPA2022\trainstage\augtrain/Image/21_9.npy,D:\challenge\data\KiPA2022\trainstage\augtrain/Mask/21_9.npy
D:\challenge\data\KiPA2022\trainstage\augtrain/Image/22_1.npy,D:\challenge\data\KiPA2022\trainstage\augtrain/Mask/22_1.npy
D:\challenge\data\KiPA2022\trainstage\augtrain/Image/22_10.npy,D:\challenge\data\KiPA2022\trainstage\augtrain/Mask/22_10.npy
D:\challenge\data\KiPA2022\trainstage\augtrain/Image/22_2.npy,D:\challenge\data\KiPA2022\trainstage\augtrain/Mask/22_2.npy
D:\challenge\data\KiPA2022\trainstage\augtrain/Image/22_3.npy,D:\challenge\data\KiPA2022\trainstage\augtrain/Mask/22_3.npy
D:\challenge\data\KiPA2022\trainstage\augtrain/Image/22_4.npy,D:\challenge\data\KiPA2022\trainstage\augtrain/Mask/22_4.npy
D:\challenge\data\KiPA2022\trainstage\augtrain/Image/22_5.npy,D:\challenge\data\KiPA2022\trainstage\augtrain/Mask/22_5.npy
D:\challenge\data\KiPA2022\trainstage\augtrain/Image/22_6.npy,D:\challenge\data\KiPA2022\trainstage\augtrain/Mask/22_6.npy
D:\challenge\data\KiPA2022\trainstage\augtrain/Image/22_7.npy,D:\challenge\data\KiPA2022\trainstage\augtrain/Mask/22_7.npy
D:\challenge\data\KiPA2022\trainstage\augtrain/Image/22_8.npy,D:\challenge\data\KiPA2022\trainstage\augtrain/Mask/22_8.npy
D:\challenge\data\KiPA2022\trainstage\augtrain/Image/22_9.npy,D:\challenge\data\KiPA2022\trainstage\augtrain/Mask/22_9.npy
D:\challenge\data\KiPA2022\trainstage\augtrain/Image/23_1.npy,D:\challenge\data\KiPA2022\trainstage\augtrain/Mask/23_1.npy
D:\challenge\data\KiPA2022\trainstage\augtrain/Image/23_10.npy,D:\challenge\data\KiPA2022\trainstage\augtrain/Mask/23_10.npy
D:\challenge\data\KiPA2022\trainstage\augtrain/Image/23_2.npy,D:\challenge\data\KiPA2022\trainstage\augtrain/Mask/23_2.npy
D:\challenge\data\KiPA2022\trainstage\augtrain/Image/23_3.npy,D:\challenge\data\KiPA2022\trainstage\augtrain/Mask/23_3.npy
D:\challenge\data\KiPA2022\trainstage\augtrain/Image/23_4.npy,D:\challenge\data\KiPA2022\trainstage\augtrain/Mask/23_4.npy
D:\challenge\data\KiPA2022\trainstage\augtrain/Image/23_5.npy,D:\challenge\data\KiPA2022\trainstage\augtrain/Mask/23_5.npy
D:\challenge\data\KiPA2022\trainstage\augtrain/Image/23_6.npy,D:\challenge\data\KiPA2022\trainstage\augtrain/Mask/23_6.npy
D:\challenge\data\KiPA2022\trainstage\augtrain/Image/23_7.npy,D:\challenge\data\KiPA2022\trainstage\augtrain/Mask/23_7.npy
D:\challenge\data\KiPA2022\trainstage\augtrain/Image/23_8.npy,D:\challenge\data\KiPA2022\trainstage\augtrain/Mask/23_8.npy
D:\challenge\data\KiPA2022\trainstage\augtrain/Image/23_9.npy,D:\challenge\data\KiPA2022\trainstage\augtrain/Mask/23_9.npy
D:\challenge\data\KiPA2022\trainstage\augtrain/Image/24_1.npy,D:\challenge\data\KiPA2022\trainstage\augtrain/Mask/24_1.npy
D:\challenge\data\KiPA2022\trainstage\augtrain/Image/24_10.npy,D:\challenge\data\KiPA2022\trainstage\augtrain/Mask/24_10.npy
D:\challenge\data\KiPA2022\trainstage\augtrain/Image/24_2.npy,D:\challenge\data\KiPA2022\trainstage\augtrain/Mask/24_2.npy
D:\challenge\data\KiPA2022\trainstage\augtrain/Image/24_3.npy,D:\challenge\data\KiPA2022\trainstage\augtrain/Mask/24_3.npy
D:\challenge\data\KiPA2022\trainstage\augtrain/Image/24_4.npy,D:\challenge\data\KiPA2022\trainstage\augtrain/Mask/24_4.npy
D:\challenge\data\KiPA2022\trainstage\augtrain/Image/24_5.npy,D:\challenge\data\KiPA2022\trainstage\augtrain/Mask/24_5.npy
D:\challenge\data\KiPA2022\trainstage\augtrain/Image/24_6.npy,D:\challenge\data\KiPA2022\trainstage\augtrain/Mask/24_6.npy
D:\challenge\data\KiPA2022\trainstage\augtrain/Image/24_7.npy,D:\challenge\data\KiPA2022\trainstage\augtrain/Mask/24_7.npy
D:\challenge\data\KiPA2022\trainstage\augtrain/Image/24_8.npy,D:\challenge\data\KiPA2022\trainstage\augtrain/Mask/24_8.npy
D:\challenge\data\KiPA2022\trainstage\augtrain/Image/24_9.npy,D:\challenge\data\KiPA2022\trainstage\augtrain/Mask/24_9.npy
D:\challenge\data\KiPA2022\trainstage\augtrain/Image/25_1.npy,D:\challenge\data\KiPA2022\trainstage\augtrain/Mask/25_1.npy
D:\challenge\data\KiPA2022\trainstage\augtrain/Image/25_10.npy,D:\challenge\data\KiPA2022\trainstage\augtrain/Mask/25_10.npy
D:\challenge\data\KiPA2022\trainstage\augtrain/Image/25_2.npy,D:\challenge\data\KiPA2022\trainstage\augtrain/Mask/25_2.npy
D:\challenge\data\KiPA2022\trainstage\augtrain/Image/25_3.npy,D:\challenge\data\KiPA2022\trainstage\augtrain/Mask/25_3.npy
D:\challenge\data\KiPA2022\trainstage\augtrain/Image/25_4.npy,D:\challenge\data\KiPA2022\trainstage\augtrain/Mask/25_4.npy
D:\challenge\data\KiPA2022\trainstage\augtrain/Image/25_5.npy,D:\challenge\data\KiPA2022\trainstage\augtrain/Mask/25_5.npy
D:\challenge\data\KiPA2022\trainstage\augtrain/Image/25_6.npy,D:\challenge\data\KiPA2022\trainstage\augtrain/Mask/25_6.npy
D:\challenge\data\KiPA2022\trainstage\augtrain/Image/25_7.npy,D:\challenge\data\KiPA2022\trainstage\augtrain/Mask/25_7.npy
D:\challenge\data\KiPA2022\trainstage\augtrain/Image/25_8.npy,D:\challenge\data\KiPA2022\trainstage\augtrain/Mask/25_8.npy
D:\challenge\data\KiPA2022\trainstage\augtrain/Image/25_9.npy,D:\challenge\data\KiPA2022\trainstage\augtrain/Mask/25_9.npy
D:\challenge\data\KiPA2022\trainstage\augtrain/Image/26_1.npy,D:\challenge\data\KiPA2022\trainstage\augtrain/Mask/26_1.npy
D:\challenge\data\KiPA2022\trainstage\augtrain/Image/26_10.npy,D:\challenge\data\KiPA2022\trainstage\augtrain/Mask/26_10.npy
D:\challenge\data\KiPA2022\trainstage\augtrain/Image/26_2.npy,D:\challenge\data\KiPA2022\trainstage\augtrain/Mask/26_2.npy
D:\challenge\data\KiPA2022\trainstage\augtrain/Image/26_3.npy,D:\challenge\data\KiPA2022\trainstage\augtrain/Mask/26_3.npy
D:\challenge\data\KiPA2022\trainstage\augtrain/Image/26_4.npy,D:\challenge\data\KiPA2022\trainstage\augtrain/Mask/26_4.npy
D:\challenge\data\KiPA2022\trainstage\augtrain/Image/26_5.npy,D:\challenge\data\KiPA2022\trainstage\augtrain/Mask/26_5.npy
D:\challenge\data\KiPA2022\trainstage\augtrain/Image/26_6.npy,D:\challenge\data\KiPA2022\trainstage\augtrain/Mask/26_6.npy
D:\challenge\data\KiPA2022\trainstage\augtrain/Image/26_7.npy,D:\challenge\data\KiPA2022\trainstage\augtrain/Mask/26_7.npy
D:\challenge\data\KiPA2022\trainstage\augtrain/Image/26_8.npy,D:\challenge\data\KiPA2022\trainstage\augtrain/Mask/26_8.npy
D:\challenge\data\KiPA2022\trainstage\augtrain/Image/26_9.npy,D:\challenge\data\KiPA2022\trainstage\augtrain/Mask/26_9.npy
D:\challenge\data\KiPA2022\trainstage\augtrain/Image/27_1.npy,D:\challenge\data\KiPA2022\trainstage\augtrain/Mask/27_1.npy
D:\challenge\data\KiPA2022\trainstage\augtrain/Image/27_10.npy,D:\challenge\data\KiPA2022\trainstage\augtrain/Mask/27_10.npy
D:\challenge\data\KiPA2022\trainstage\augtrain/Image/27_2.npy,D:\challenge\data\KiPA2022\trainstage\augtrain/Mask/27_2.npy
D:\challenge\data\KiPA2022\trainstage\augtrain/Image/27_3.npy,D:\challenge\data\KiPA2022\trainstage\augtrain/Mask/27_3.npy
D:\challenge\data\KiPA2022\trainstage\augtrain/Image/27_4.npy,D:\challenge\data\KiPA2022\trainstage\augtrain/Mask/27_4.npy
D:\challenge\data\KiPA2022\trainstage\augtrain/Image/27_5.npy,D:\challenge\data\KiPA2022\trainstage\augtrain/Mask/27_5.npy
D:\challenge\data\KiPA2022\trainstage\augtrain/Image/27_6.npy,D:\challenge\data\KiPA2022\trainstage\augtrain/Mask/27_6.npy
D:\challenge\data\KiPA2022\trainstage\augtrain/Image/27_7.npy,D:\challenge\data\KiPA2022\trainstage\augtrain/Mask/27_7.npy
D:\challenge\data\KiPA2022\trainstage\augtrain/Image/27_8.npy,D:\challenge\data\KiPA2022\trainstage\augtrain/Mask/27_8.npy
D:\challenge\data\KiPA2022\trainstage\augtrain/Image/27_9.npy,D:\challenge\data\KiPA2022\trainstage\augtrain/Mask/27_9.npy
D:\challenge\data\KiPA2022\trainstage\augtrain/Image/28_1.npy,D:\challenge\data\KiPA2022\trainstage\augtrain/Mask/28_1.npy
D:\challenge\data\KiPA2022\trainstage\augtrain/Image/28_10.npy,D:\challenge\data\KiPA2022\trainstage\augtrain/Mask/28_10.npy
D:\challenge\data\KiPA2022\trainstage\augtrain/Image/28_2.npy,D:\challenge\data\KiPA2022\trainstage\augtrain/Mask/28_2.npy
D:\challenge\data\KiPA2022\trainstage\augtrain/Image/28_3.npy,D:\challenge\data\KiPA2022\trainstage\augtrain/Mask/28_3.npy
D:\challenge\data\KiPA2022\trainstage\augtrain/Image/28_4.npy,D:\challenge\data\KiPA2022\trainstage\augtrain/Mask/28_4.npy
D:\challenge\data\KiPA2022\trainstage\augtrain/Image/28_5.npy,D:\challenge\data\KiPA2022\trainstage\augtrain/Mask/28_5.npy
D:\challenge\data\KiPA2022\trainstage\augtrain/Image/28_6.npy,D:\challenge\data\KiPA2022\trainstage\augtrain/Mask/28_6.npy
D:\challenge\data\KiPA2022\trainstage\augtrain/Image/28_7.npy,D:\challenge\data\KiPA2022\trainstage\augtrain/Mask/28_7.npy
D:\challenge\data\KiPA2022\trainstage\augtrain/Image/28_8.npy,D:\challenge\data\KiPA2022\trainstage\augtrain/Mask/28_8.npy
D:\challenge\data\KiPA2022\trainstage\augtrain/Image/28_9.npy,D:\challenge\data\KiPA2022\trainstage\augtrain/Mask/28_9.npy
D:\challenge\data\KiPA2022\trainstage\augtrain/Image/29_1.npy,D:\challenge\data\KiPA2022\trainstage\augtrain/Mask/29_1.npy
D:\challenge\data\KiPA2022\trainstage\augtrain/Image/29_10.npy,D:\challenge\data\KiPA2022\trainstage\augtrain/Mask/29_10.npy
D:\challenge\data\KiPA2022\trainstage\augtrain/Image/29_2.npy,D:\challenge\data\KiPA2022\trainstage\augtrain/Mask/29_2.npy
D:\challenge\data\KiPA2022\trainstage\augtrain/Image/29_3.npy,D:\challenge\data\KiPA2022\trainstage\augtrain/Mask/29_3.npy
D:\challenge\data\KiPA2022\trainstage\augtrain/Image/29_4.npy,D:\challenge\data\KiPA2022\trainstage\augtrain/Mask/29_4.npy
D:\challenge\data\KiPA2022\trainstage\augtrain/Image/29_5.npy,D:\challenge\data\KiPA2022\trainstage\augtrain/Mask/29_5.npy
D:\challenge\data\KiPA2022\trainstage\augtrain/Image/29_6.npy,D:\challenge\data\KiPA2022\trainstage\augtrain/Mask/29_6.npy
D:\challenge\data\KiPA2022\trainstage\augtrain/Image/29_7.npy,D:\challenge\data\KiPA2022\trainstage\augtrain/Mask/29_7.npy
D:\challenge\data\KiPA2022\trainstage\augtrain/Image/29_8.npy,D:\challenge\data\KiPA2022\trainstage\augtrain/Mask/29_8.npy
D:\challenge\data\KiPA2022\trainstage\augtrain/Image/29_9.npy,D:\challenge\data\KiPA2022\trainstage\augtrain/Mask/29_9.npy
D:\challenge\data\KiPA2022\trainstage\augtrain/Image/2_1.npy,D:\challenge\data\KiPA2022\trainstage\augtrain/Mask/2_1.npy
D:\challenge\data\KiPA2022\trainstage\augtrain/Image/2_10.npy,D:\challenge\data\KiPA2022\trainstage\augtrain/Mask/2_10.npy
D:\challenge\data\KiPA2022\trainstage\augtrain/Image/2_2.npy,D:\challenge\data\KiPA2022\trainstage\augtrain/Mask/2_2.npy
D:\challenge\data\KiPA2022\trainstage\augtrain/Image/2_3.npy,D:\challenge\data\KiPA2022\trainstage\augtrain/Mask/2_3.npy
D:\challenge\data\KiPA2022\trainstage\augtrain/Image/2_4.npy,D:\challenge\data\KiPA2022\trainstage\augtrain/Mask/2_4.npy
D:\challenge\data\KiPA2022\trainstage\augtrain/Image/2_5.npy,D:\challenge\data\KiPA2022\trainstage\augtrain/Mask/2_5.npy
D:\challenge\data\KiPA2022\trainstage\augtrain/Image/2_6.npy,D:\challenge\data\KiPA2022\trainstage\augtrain/Mask/2_6.npy
D:\challenge\data\KiPA2022\trainstage\augtrain/Image/2_7.npy,D:\challenge\data\KiPA2022\trainstage\augtrain/Mask/2_7.npy
D:\challenge\data\KiPA2022\trainstage\augtrain/Image/2_8.npy,D:\challenge\data\KiPA2022\trainstage\augtrain/Mask/2_8.npy
D:\challenge\data\KiPA2022\trainstage\augtrain/Image/2_9.npy,D:\challenge\data\KiPA2022\trainstage\augtrain/Mask/2_9.npy
D:\challenge\data\KiPA2022\trainstage\augtrain/Image/30_1.npy,D:\challenge\data\KiPA2022\trainstage\augtrain/Mask/30_1.npy
D:\challenge\data\KiPA2022\trainstage\augtrain/Image/30_10.npy,D:\challenge\data\KiPA2022\trainstage\augtrain/Mask/30_10.npy
D:\challenge\data\KiPA2022\trainstage\augtrain/Image/30_2.npy,D:\challenge\data\KiPA2022\trainstage\augtrain/Mask/30_2.npy
D:\challenge\data\KiPA2022\trainstage\augtrain/Image/30_3.npy,D:\challenge\data\KiPA2022\trainstage\augtrain/Mask/30_3.npy
D:\challenge\data\KiPA2022\trainstage\augtrain/Image/30_4.npy,D:\challenge\data\KiPA2022\trainstage\augtrain/Mask/30_4.npy
D:\challenge\data\KiPA2022\trainstage\augtrain/Image/30_5.npy,D:\challenge\data\KiPA2022\trainstage\augtrain/Mask/30_5.npy
D:\challenge\data\KiPA2022\trainstage\augtrain/Image/30_6.npy,D:\challenge\data\KiPA2022\trainstage\augtrain/Mask/30_6.npy
D:\challenge\data\KiPA2022\trainstage\augtrain/Image/30_7.npy,D:\challenge\data\KiPA2022\trainstage\augtrain/Mask/30_7.npy
D:\challenge\data\KiPA2022\trainstage\augtrain/Image/30_8.npy,D:\challenge\data\KiPA2022\trainstage\augtrain/Mask/30_8.npy
D:\challenge\data\KiPA2022\trainstage\augtrain/Image/30_9.npy,D:\challenge\data\KiPA2022\trainstage\augtrain/Mask/30_9.npy
D:\challenge\data\KiPA2022\trainstage\augtrain/Image/31_1.npy,D:\challenge\data\KiPA2022\trainstage\augtrain/Mask/31_1.npy
D:\challenge\data\KiPA2022\trainstage\augtrain/Image/31_10.npy,D:\challenge\data\KiPA2022\trainstage\augtrain/Mask/31_10.npy
D:\challenge\data\KiPA2022\trainstage\augtrain/Image/31_2.npy,D:\challenge\data\KiPA2022\trainstage\augtrain/Mask/31_2.npy
D:\challenge\data\KiPA2022\trainstage\augtrain/Image/31_3.npy,D:\challenge\data\KiPA2022\trainstage\augtrain/Mask/31_3.npy
D:\challenge\data\KiPA2022\trainstage\augtrain/Image/31_4.npy,D:\challenge\data\KiPA2022\trainstage\augtrain/Mask/31_4.npy
D:\challenge\data\KiPA2022\trainstage\augtrain/Image/31_5.npy,D:\challenge\data\KiPA2022\trainstage\augtrain/Mask/31_5.npy
D:\challenge\data\KiPA2022\trainstage\augtrain/Image/31_6.npy,D:\challenge\data\KiPA2022\trainstage\augtrain/Mask/31_6.npy
D:\challenge\data\KiPA2022\trainstage\augtrain/Image/31_7.npy,D:\challenge\data\KiPA2022\trainstage\augtrain/Mask/31_7.npy
D:\challenge\data\KiPA2022\trainstage\augtrain/Image/31_8.npy,D:\challenge\data\KiPA2022\trainstage\augtrain/Mask/31_8.npy
D:\challenge\data\KiPA2022\trainstage\augtrain/Image/31_9.npy,D:\challenge\data\KiPA2022\trainstage\augtrain/Mask/31_9.npy
D:\challenge\data\KiPA2022\trainstage\augtrain/Image/32_1.npy,D:\challenge\data\KiPA2022\trainstage\augtrain/Mask/32_1.npy
D:\challenge\data\KiPA2022\trainstage\augtrain/Image/32_10.npy,D:\challenge\data\KiPA2022\trainstage\augtrain/Mask/32_10.npy
D:\challenge\data\KiPA2022\trainstage\augtrain/Image/32_2.npy,D:\challenge\data\KiPA2022\trainstage\augtrain/Mask/32_2.npy
D:\challenge\data\KiPA2022\trainstage\augtrain/Image/32_3.npy,D:\challenge\data\KiPA2022\trainstage\augtrain/Mask/32_3.npy
D:\challenge\data\KiPA2022\trainstage\augtrain/Image/32_4.npy,D:\challenge\data\KiPA2022\trainstage\augtrain/Mask/32_4.npy
D:\challenge\data\KiPA2022\trainstage\augtrain/Image/32_5.npy,D:\challenge\data\KiPA2022\trainstage\augtrain/Mask/32_5.npy
D:\challenge\data\KiPA2022\trainstage\augtrain/Image/32_6.npy,D:\challenge\data\KiPA2022\trainstage\augtrain/Mask/32_6.npy
D:\challenge\data\KiPA2022\trainstage\augtrain/Image/32_7.npy,D:\challenge\data\KiPA2022\trainstage\augtrain/Mask/32_7.npy
D:\challenge\data\KiPA2022\trainstage\augtrain/Image/32_8.npy,D:\challenge\data\KiPA2022\trainstage\augtrain/Mask/32_8.npy
D:\challenge\data\KiPA2022\trainstage\augtrain/Image/32_9.npy,D:\challenge\data\KiPA2022\trainstage\augtrain/Mask/32_9.npy
D:\challenge\data\KiPA2022\trainstage\augtrain/Image/33_1.npy,D:\challenge\data\KiPA2022\trainstage\augtrain/Mask/33_1.npy
D:\challenge\data\KiPA2022\trainstage\augtrain/Image/33_10.npy,D:\challenge\data\KiPA2022\trainstage\augtrain/Mask/33_10.npy
D:\challenge\data\KiPA2022\trainstage\augtrain/Image/33_2.npy,D:\challenge\data\KiPA2022\trainstage\augtrain/Mask/33_2.npy
D:\challenge\data\KiPA2022\trainstage\augtrain/Image/33_3.npy,D:\challenge\data\KiPA2022\trainstage\augtrain/Mask/33_3.npy
D:\challenge\data\KiPA2022\trainstage\augtrain/Image/33_4.npy,D:\challenge\data\KiPA2022\trainstage\augtrain/Mask/33_4.npy
D:\challenge\data\KiPA2022\trainstage\augtrain/Image/33_5.npy,D:\challenge\data\KiPA2022\trainstage\augtrain/Mask/33_5.npy
D:\challenge\data\KiPA2022\trainstage\augtrain/Image/33_6.npy,D:\challenge\data\KiPA2022\trainstage\augtrain/Mask/33_6.npy
D:\challenge\data\KiPA2022\trainstage\augtrain/Image/33_7.npy,D:\challenge\data\KiPA2022\trainstage\augtrain/Mask/33_7.npy
D:\challenge\data\KiPA2022\trainstage\augtrain/Image/33_8.npy,D:\challenge\data\KiPA2022\trainstage\augtrain/Mask/33_8.npy
D:\challenge\data\KiPA2022\trainstage\augtrain/Image/33_9.npy,D:\challenge\data\KiPA2022\trainstage\augtrain/Mask/33_9.npy
D:\challenge\data\KiPA2022\trainstage\augtrain/Image/34_1.npy,D:\challenge\data\KiPA2022\trainstage\augtrain/Mask/34_1.npy
D:\challenge\data\KiPA2022\trainstage\augtrain/Image/34_10.npy,D:\challenge\data\KiPA2022\trainstage\augtrain/Mask/34_10.npy
D:\challenge\data\KiPA2022\trainstage\augtrain/Image/34_2.npy,D:\challenge\data\KiPA2022\trainstage\augtrain/Mask/34_2.npy
D:\challenge\data\KiPA2022\trainstage\augtrain/Image/34_3.npy,D:\challenge\data\KiPA2022\trainstage\augtrain/Mask/34_3.npy
D:\challenge\data\KiPA2022\trainstage\augtrain/Image/34_4.npy,D:\challenge\data\KiPA2022\trainstage\augtrain/Mask/34_4.npy
D:\challenge\data\KiPA2022\trainstage\augtrain/Image/34_5.npy,D:\challenge\data\KiPA2022\trainstage\augtrain/Mask/34_5.npy
D:\challenge\data\KiPA2022\trainstage\augtrain/Image/34_6.npy,D:\challenge\data\KiPA2022\trainstage\augtrain/Mask/34_6.npy
D:\challenge\data\KiPA2022\trainstage\augtrain/Image/34_7.npy,D:\challenge\data\KiPA2022\trainstage\augtrain/Mask/34_7.npy
D:\challenge\data\KiPA2022\trainstage\augtrain/Image/34_8.npy,D:\challenge\data\KiPA2022\trainstage\augtrain/Mask/34_8.npy
D:\challenge\data\KiPA2022\trainstage\augtrain/Image/34_9.npy,D:\challenge\data\KiPA2022\trainstage\augtrain/Mask/34_9.npy
D:\challenge\data\KiPA2022\trainstage\augtrain/Image/35_1.npy,D:\challenge\data\KiPA2022\trainstage\augtrain/Mask/35_1.npy
D:\challenge\data\KiPA2022\trainstage\augtrain/Image/35_10.npy,D:\challenge\data\KiPA2022\trainstage\augtrain/Mask/35_10.npy
D:\challenge\data\KiPA2022\trainstage\augtrain/Image/35_2.npy,D:\challenge\data\KiPA2022\trainstage\augtrain/Mask/35_2.npy
D:\challenge\data\KiPA2022\trainstage\augtrain/Image/35_3.npy,D:\challenge\data\KiPA2022\trainstage\augtrain/Mask/35_3.npy
D:\challenge\data\KiPA2022\trainstage\augtrain/Image/35_4.npy,D:\challenge\data\KiPA2022\trainstage\augtrain/Mask/35_4.npy
D:\challenge\data\KiPA2022\trainstage\augtrain/Image/35_5.npy,D:\challenge\data\KiPA2022\trainstage\augtrain/Mask/35_5.npy
D:\challenge\data\KiPA2022\trainstage\augtrain/Image/35_6.npy,D:\challenge\data\KiPA2022\trainstage\augtrain/Mask/35_6.npy
D:\challenge\data\KiPA2022\trainstage\augtrain/Image/35_7.npy,D:\challenge\data\KiPA2022\trainstage\augtrain/Mask/35_7.npy
D:\challenge\data\KiPA2022\trainstage\augtrain/Image/35_8.npy,D:\challenge\data\KiPA2022\trainstage\augtrain/Mask/35_8.npy
D:\challenge\data\KiPA2022\trainstage\augtrain/Image/35_9.npy,D:\challenge\data\KiPA2022\trainstage\augtrain/Mask/35_9.npy
D:\challenge\data\KiPA2022\trainstage\augtrain/Image/36_1.npy,D:\challenge\data\KiPA2022\trainstage\augtrain/Mask/36_1.npy
D:\challenge\data\KiPA2022\trainstage\augtrain/Image/36_10.npy,D:\challenge\data\KiPA2022\trainstage\augtrain/Mask/36_10.npy
D:\challenge\data\KiPA2022\trainstage\augtrain/Image/36_2.npy,D:\challenge\data\KiPA2022\trainstage\augtrain/Mask/36_2.npy
D:\challenge\data\KiPA2022\trainstage\augtrain/Image/36_3.npy,D:\challenge\data\KiPA2022\trainstage\augtrain/Mask/36_3.npy
D:\challenge\data\KiPA2022\trainstage\augtrain/Image/36_4.npy,D:\challenge\data\KiPA2022\trainstage\augtrain/Mask/36_4.npy
D:\challenge\data\KiPA2022\trainstage\augtrain/Image/36_5.npy,D:\challenge\data\KiPA2022\trainstage\augtrain/Mask/36_5.npy
D:\challenge\data\KiPA2022\trainstage\augtrain/Image/36_6.npy,D:\challenge\data\KiPA2022\trainstage\augtrain/Mask/36_6.npy
D:\challenge\data\KiPA2022\trainstage\augtrain/Image/36_7.npy,D:\challenge\data\KiPA2022\trainstage\augtrain/Mask/36_7.npy
D:\challenge\data\KiPA2022\trainstage\augtrain/Image/36_8.npy,D:\challenge\data\KiPA2022\trainstage\augtrain/Mask/36_8.npy
D:\challenge\data\KiPA2022\trainstage\augtrain/Image/36_9.npy,D:\challenge\data\KiPA2022\trainstage\augtrain/Mask/36_9.npy
D:\challenge\data\KiPA2022\trainstage\augtrain/Image/37_1.npy,D:\challenge\data\KiPA2022\trainstage\augtrain/Mask/37_1.npy
D:\challenge\data\KiPA2022\trainstage\augtrain/Image/37_10.npy,D:\challenge\data\KiPA2022\trainstage\augtrain/Mask/37_10.npy
D:\challenge\data\KiPA2022\trainstage\augtrain/Image/37_2.npy,D:\challenge\data\KiPA2022\trainstage\augtrain/Mask/37_2.npy
D:\challenge\data\KiPA2022\trainstage\augtrain/Image/37_3.npy,D:\challenge\data\KiPA2022\trainstage\augtrain/Mask/37_3.npy
D:\challenge\data\KiPA2022\trainstage\augtrain/Image/37_4.npy,D:\challenge\data\KiPA2022\trainstage\augtrain/Mask/37_4.npy
D:\challenge\data\KiPA2022\trainstage\augtrain/Image/37_5.npy,D:\challenge\data\KiPA2022\trainstage\augtrain/Mask/37_5.npy
D:\challenge\data\KiPA2022\trainstage\augtrain/Image/37_6.npy,D:\challenge\data\KiPA2022\trainstage\augtrain/Mask/37_6.npy
D:\challenge\data\KiPA2022\trainstage\augtrain/Image/37_7.npy,D:\challenge\data\KiPA2022\trainstage\augtrain/Mask/37_7.npy
D:\challenge\data\KiPA2022\trainstage\augtrain/Image/37_8.npy,D:\challenge\data\KiPA2022\trainstage\augtrain/Mask/37_8.npy
D:\challenge\data\KiPA2022\trainstage\augtrain/Image/37_9.npy,D:\challenge\data\KiPA2022\trainstage\augtrain/Mask/37_9.npy
D:\challenge\data\KiPA2022\trainstage\augtrain/Image/38_1.npy,D:\challenge\data\KiPA2022\trainstage\augtrain/Mask/38_1.npy
D:\challenge\data\KiPA2022\trainstage\augtrain/Image/38_10.npy,D:\challenge\data\KiPA2022\trainstage\augtrain/Mask/38_10.npy
D:\challenge\data\KiPA2022\trainstage\augtrain/Image/38_2.npy,D:\challenge\data\KiPA2022\trainstage\augtrain/Mask/38_2.npy
D:\challenge\data\KiPA2022\trainstage\augtrain/Image/38_3.npy,D:\challenge\data\KiPA2022\trainstage\augtrain/Mask/38_3.npy
D:\challenge\data\KiPA2022\trainstage\augtrain/Image/38_4.npy,D:\challenge\data\KiPA2022\trainstage\augtrain/Mask/38_4.npy
D:\challenge\data\KiPA2022\trainstage\augtrain/Image/38_5.npy,D:\challenge\data\KiPA2022\trainstage\augtrain/Mask/38_5.npy
D:\challenge\data\KiPA2022\trainstage\augtrain/Image/38_6.npy,D:\challenge\data\KiPA2022\trainstage\augtrain/Mask/38_6.npy
D:\challenge\data\KiPA2022\trainstage\augtrain/Image/38_7.npy,D:\challenge\data\KiPA2022\trainstage\augtrain/Mask/38_7.npy
D:\challenge\data\KiPA2022\trainstage\augtrain/Image/38_8.npy,D:\challenge\data\KiPA2022\trainstage\augtrain/Mask/38_8.npy
D:\challenge\data\KiPA2022\trainstage\augtrain/Image/38_9.npy,D:\challenge\data\KiPA2022\trainstage\augtrain/Mask/38_9.npy
D:\challenge\data\KiPA2022\trainstage\augtrain/Image/39_1.npy,D:\challenge\data\KiPA2022\trainstage\augtrain/Mask/39_1.npy
D:\challenge\data\KiPA2022\trainstage\augtrain/Image/39_10.npy,D:\challenge\data\KiPA2022\trainstage\augtrain/Mask/39_10.npy
D:\challenge\data\KiPA2022\trainstage\augtrain/Image/39_2.npy,D:\challenge\data\KiPA2022\trainstage\augtrain/Mask/39_2.npy
D:\challenge\data\KiPA2022\trainstage\augtrain/Image/39_3.npy,D:\challenge\data\KiPA2022\trainstage\augtrain/Mask/39_3.npy
D:\challenge\data\KiPA2022\trainstage\augtrain/Image/39_4.npy,D:\challenge\data\KiPA2022\trainstage\augtrain/Mask/39_4.npy
D:\challenge\data\KiPA2022\trainstage\augtrain/Image/39_5.npy,D:\challenge\data\KiPA2022\trainstage\augtrain/Mask/39_5.npy
D:\challenge\data\KiPA2022\trainstage\augtrain/Image/39_6.npy,D:\challenge\data\KiPA2022\trainstage\augtrain/Mask/39_6.npy
D:\challenge\data\KiPA2022\trainstage\augtrain/Image/39_7.npy,D:\challenge\data\KiPA2022\trainstage\augtrain/Mask/39_7.npy
D:\challenge\data\KiPA2022\trainstage\augtrain/Image/39_8.npy,D:\challenge\data\KiPA2022\trainstage\augtrain/Mask/39_8.npy
D:\challenge\data\KiPA2022\trainstage\augtrain/Image/39_9.npy,D:\challenge\data\KiPA2022\trainstage\augtrain/Mask/39_9.npy
D:\challenge\data\KiPA2022\trainstage\augtrain/Image/3_1.npy,D:\challenge\data\KiPA2022\trainstage\augtrain/Mask/3_1.npy
D:\challenge\data\KiPA2022\trainstage\augtrain/Image/3_10.npy,D:\challenge\data\KiPA2022\trainstage\augtrain/Mask/3_10.npy
D:\challenge\data\KiPA2022\trainstage\augtrain/Image/3_2.npy,D:\challenge\data\KiPA2022\trainstage\augtrain/Mask/3_2.npy
D:\challenge\data\KiPA2022\trainstage\augtrain/Image/3_3.npy,D:\challenge\data\KiPA2022\trainstage\augtrain/Mask/3_3.npy
D:\challenge\data\KiPA2022\trainstage\augtrain/Image/3_4.npy,D:\challenge\data\KiPA2022\trainstage\augtrain/Mask/3_4.npy
D:\challenge\data\KiPA2022\trainstage\augtrain/Image/3_5.npy,D:\challenge\data\KiPA2022\trainstage\augtrain/Mask/3_5.npy
D:\challenge\data\KiPA2022\trainstage\augtrain/Image/3_6.npy,D:\challenge\data\KiPA2022\trainstage\augtrain/Mask/3_6.npy
D:\challenge\data\KiPA2022\trainstage\augtrain/Image/3_7.npy,D:\challenge\data\KiPA2022\trainstage\augtrain/Mask/3_7.npy
D:\challenge\data\KiPA2022\trainstage\augtrain/Image/3_8.npy,D:\challenge\data\KiPA2022\trainstage\augtrain/Mask/3_8.npy
D:\challenge\data\KiPA2022\trainstage\augtrain/Image/3_9.npy,D:\challenge\data\KiPA2022\trainstage\augtrain/Mask/3_9.npy
D:\challenge\data\KiPA2022\trainstage\augtrain/Image/40_1.npy,D:\challenge\data\KiPA2022\trainstage\augtrain/Mask/40_1.npy
D:\challenge\data\KiPA2022\trainstage\augtrain/Image/40_10.npy,D:\challenge\data\KiPA2022\trainstage\augtrain/Mask/40_10.npy
D:\challenge\data\KiPA2022\trainstage\augtrain/Image/40_2.npy,D:\challenge\data\KiPA2022\trainstage\augtrain/Mask/40_2.npy
D:\challenge\data\KiPA2022\trainstage\augtrain/Image/40_3.npy,D:\challenge\data\KiPA2022\trainstage\augtrain/Mask/40_3.npy
D:\challenge\data\KiPA2022\trainstage\augtrain/Image/40_4.npy,D:\challenge\data\KiPA2022\trainstage\augtrain/Mask/40_4.npy
D:\challenge\data\KiPA2022\trainstage\augtrain/Image/40_5.npy,D:\challenge\data\KiPA2022\trainstage\augtrain/Mask/40_5.npy
D:\challenge\data\KiPA2022\trainstage\augtrain/Image/40_6.npy,D:\challenge\data\KiPA2022\trainstage\augtrain/Mask/40_6.npy
D:\challenge\data\KiPA2022\trainstage\augtrain/Image/40_7.npy,D:\challenge\data\KiPA2022\trainstage\augtrain/Mask/40_7.npy
D:\challenge\data\KiPA2022\trainstage\augtrain/Image/40_8.npy,D:\challenge\data\KiPA2022\trainstage\augtrain/Mask/40_8.npy
D:\challenge\data\KiPA2022\trainstage\augtrain/Image/40_9.npy,D:\challenge\data\KiPA2022\trainstage\augtrain/Mask/40_9.npy
D:\challenge\data\KiPA2022\trainstage\augtrain/Image/41_1.npy,D:\challenge\data\KiPA2022\trainstage\augtrain/Mask/41_1.npy
D:\challenge\data\KiPA2022\trainstage\augtrain/Image/41_10.npy,D:\challenge\data\KiPA2022\trainstage\augtrain/Mask/41_10.npy
D:\challenge\data\KiPA2022\trainstage\augtrain/Image/41_2.npy,D:\challenge\data\KiPA2022\trainstage\augtrain/Mask/41_2.npy
D:\challenge\data\KiPA2022\trainstage\augtrain/Image/41_3.npy,D:\challenge\data\KiPA2022\trainstage\augtrain/Mask/41_3.npy
D:\challenge\data\KiPA2022\trainstage\augtrain/Image/41_4.npy,D:\challenge\data\KiPA2022\trainstage\augtrain/Mask/41_4.npy
D:\challenge\data\KiPA2022\trainstage\augtrain/Image/41_5.npy,D:\challenge\data\KiPA2022\trainstage\augtrain/Mask/41_5.npy
D:\challenge\data\KiPA2022\trainstage\augtrain/Image/41_6.npy,D:\challenge\data\KiPA2022\trainstage\augtrain/Mask/41_6.npy
D:\challenge\data\KiPA2022\trainstage\augtrain/Image/41_7.npy,D:\challenge\data\KiPA2022\trainstage\augtrain/Mask/41_7.npy
D:\challenge\data\KiPA2022\trainstage\augtrain/Image/41_8.npy,D:\challenge\data\KiPA2022\trainstage\augtrain/Mask/41_8.npy
D:\challenge\data\KiPA2022\trainstage\augtrain/Image/41_9.npy,D:\challenge\data\KiPA2022\trainstage\augtrain/Mask/41_9.npy
D:\challenge\data\KiPA2022\trainstage\augtrain/Image/42_1.npy,D:\challenge\data\KiPA2022\trainstage\augtrain/Mask/42_1.npy
D:\challenge\data\KiPA2022\trainstage\augtrain/Image/42_10.npy,D:\challenge\data\KiPA2022\trainstage\augtrain/Mask/42_10.npy
D:\challenge\data\KiPA2022\trainstage\augtrain/Image/42_2.npy,D:\challenge\data\KiPA2022\trainstage\augtrain/Mask/42_2.npy
D:\challenge\data\KiPA2022\trainstage\augtrain/Image/42_3.npy,D:\challenge\data\KiPA2022\trainstage\augtrain/Mask/42_3.npy
D:\challenge\data\KiPA2022\trainstage\augtrain/Image/42_4.npy,D:\challenge\data\KiPA2022\trainstage\augtrain/Mask/42_4.npy
D:\challenge\data\KiPA2022\trainstage\augtrain/Image/42_5.npy,D:\challenge\data\KiPA2022\trainstage\augtrain/Mask/42_5.npy
D:\challenge\data\KiPA2022\trainstage\augtrain/Image/42_6.npy,D:\challenge\data\KiPA2022\trainstage\augtrain/Mask/42_6.npy
D:\challenge\data\KiPA2022\trainstage\augtrain/Image/42_7.npy,D:\challenge\data\KiPA2022\trainstage\augtrain/Mask/42_7.npy
D:\challenge\data\KiPA2022\trainstage\augtrain/Image/42_8.npy,D:\challenge\data\KiPA2022\trainstage\augtrain/Mask/42_8.npy
D:\challenge\data\KiPA2022\trainstage\augtrain/Image/42_9.npy,D:\challenge\data\KiPA2022\trainstage\augtrain/Mask/42_9.npy
D:\challenge\data\KiPA2022\trainstage\augtrain/Image/43_1.npy,D:\challenge\data\KiPA2022\trainstage\augtrain/Mask/43_1.npy
D:\challenge\data\KiPA2022\trainstage\augtrain/Image/43_10.npy,D:\challenge\data\KiPA2022\trainstage\augtrain/Mask/43_10.npy
D:\challenge\data\KiPA2022\trainstage\augtrain/Image/43_2.npy,D:\challenge\data\KiPA2022\trainstage\augtrain/Mask/43_2.npy
D:\challenge\data\KiPA2022\trainstage\augtrain/Image/43_3.npy,D:\challenge\data\KiPA2022\trainstage\augtrain/Mask/43_3.npy
D:\challenge\data\KiPA2022\trainstage\augtrain/Image/43_4.npy,D:\challenge\data\KiPA2022\trainstage\augtrain/Mask/43_4.npy
D:\challenge\data\KiPA2022\trainstage\augtrain/Image/43_5.npy,D:\challenge\data\KiPA2022\trainstage\augtrain/Mask/43_5.npy
D:\challenge\data\KiPA2022\trainstage\augtrain/Image/43_6.npy,D:\challenge\data\KiPA2022\trainstage\augtrain/Mask/43_6.npy
D:\challenge\data\KiPA2022\trainstage\augtrain/Image/43_7.npy,D:\challenge\data\KiPA2022\trainstage\augtrain/Mask/43_7.npy
D:\challenge\data\KiPA2022\trainstage\augtrain/Image/43_8.npy,D:\challenge\data\KiPA2022\trainstage\augtrain/Mask/43_8.npy
D:\challenge\data\KiPA2022\trainstage\augtrain/Image/43_9.npy,D:\challenge\data\KiPA2022\trainstage\augtrain/Mask/43_9.npy
D:\challenge\data\KiPA2022\trainstage\augtrain/Image/44_1.npy,D:\challenge\data\KiPA2022\trainstage\augtrain/Mask/44_1.npy
D:\challenge\data\KiPA2022\trainstage\augtrain/Image/44_10.npy,D:\challenge\data\KiPA2022\trainstage\augtrain/Mask/44_10.npy
D:\challenge\data\KiPA2022\trainstage\augtrain/Image/44_2.npy,D:\challenge\data\KiPA2022\trainstage\augtrain/Mask/44_2.npy
D:\challenge\data\KiPA2022\trainstage\augtrain/Image/44_3.npy,D:\challenge\data\KiPA2022\trainstage\augtrain/Mask/44_3.npy
D:\challenge\data\KiPA2022\trainstage\augtrain/Image/44_4.npy,D:\challenge\data\KiPA2022\trainstage\augtrain/Mask/44_4.npy
D:\challenge\data\KiPA2022\trainstage\augtrain/Image/44_5.npy,D:\challenge\data\KiPA2022\trainstage\augtrain/Mask/44_5.npy
D:\challenge\data\KiPA2022\trainstage\augtrain/Image/44_6.npy,D:\challenge\data\KiPA2022\trainstage\augtrain/Mask/44_6.npy
D:\challenge\data\KiPA2022\trainstage\augtrain/Image/44_7.npy,D:\challenge\data\KiPA2022\trainstage\augtrain/Mask/44_7.npy
D:\challenge\data\KiPA2022\trainstage\augtrain/Image/44_8.npy,D:\challenge\data\KiPA2022\trainstage\augtrain/Mask/44_8.npy
D:\challenge\data\KiPA2022\trainstage\augtrain/Image/44_9.npy,D:\challenge\data\KiPA2022\trainstage\augtrain/Mask/44_9.npy
D:\challenge\data\KiPA2022\trainstage\augtrain/Image/45_1.npy,D:\challenge\data\KiPA2022\trainstage\augtrain/Mask/45_1.npy
D:\challenge\data\KiPA2022\trainstage\augtrain/Image/45_10.npy,D:\challenge\data\KiPA2022\trainstage\augtrain/Mask/45_10.npy
D:\challenge\data\KiPA2022\trainstage\augtrain/Image/45_2.npy,D:\challenge\data\KiPA2022\trainstage\augtrain/Mask/45_2.npy
D:\challenge\data\KiPA2022\trainstage\augtrain/Image/45_3.npy,D:\challenge\data\KiPA2022\trainstage\augtrain/Mask/45_3.npy
D:\challenge\data\KiPA2022\trainstage\augtrain/Image/45_4.npy,D:\challenge\data\KiPA2022\trainstage\augtrain/Mask/45_4.npy
D:\challenge\data\KiPA2022\trainstage\augtrain/Image/45_5.npy,D:\challenge\data\KiPA2022\trainstage\augtrain/Mask/45_5.npy
D:\challenge\data\KiPA2022\trainstage\augtrain/Image/45_6.npy,D:\challenge\data\KiPA2022\trainstage\augtrain/Mask/45_6.npy
D:\challenge\data\KiPA2022\trainstage\augtrain/Image/45_7.npy,D:\challenge\data\KiPA2022\trainstage\augtrain/Mask/45_7.npy
D:\challenge\data\KiPA2022\trainstage\augtrain/Image/45_8.npy,D:\challenge\data\KiPA2022\trainstage\augtrain/Mask/45_8.npy
D:\challenge\data\KiPA2022\trainstage\augtrain/Image/45_9.npy,D:\challenge\data\KiPA2022\trainstage\augtrain/Mask/45_9.npy
D:\challenge\data\KiPA2022\trainstage\augtrain/Image/46_1.npy,D:\challenge\data\KiPA2022\trainstage\augtrain/Mask/46_1.npy
D:\challenge\data\KiPA2022\trainstage\augtrain/Image/46_10.npy,D:\challenge\data\KiPA2022\trainstage\augtrain/Mask/46_10.npy
D:\challenge\data\KiPA2022\trainstage\augtrain/Image/46_2.npy,D:\challenge\data\KiPA2022\trainstage\augtrain/Mask/46_2.npy
D:\challenge\data\KiPA2022\trainstage\augtrain/Image/46_3.npy,D:\challenge\data\KiPA2022\trainstage\augtrain/Mask/46_3.npy
D:\challenge\data\KiPA2022\trainstage\augtrain/Image/46_4.npy,D:\challenge\data\KiPA2022\trainstage\augtrain/Mask/46_4.npy
D:\challenge\data\KiPA2022\trainstage\augtrain/Image/46_5.npy,D:\challenge\data\KiPA2022\trainstage\augtrain/Mask/46_5.npy
D:\challenge\data\KiPA2022\trainstage\augtrain/Image/46_6.npy,D:\challenge\data\KiPA2022\trainstage\augtrain/Mask/46_6.npy
D:\challenge\data\KiPA2022\trainstage\augtrain/Image/46_7.npy,D:\challenge\data\KiPA2022\trainstage\augtrain/Mask/46_7.npy
D:\challenge\data\KiPA2022\trainstage\augtrain/Image/46_8.npy,D:\challenge\data\KiPA2022\trainstage\augtrain/Mask/46_8.npy
D:\challenge\data\KiPA2022\trainstage\augtrain/Image/46_9.npy,D:\challenge\data\KiPA2022\trainstage\augtrain/Mask/46_9.npy
D:\challenge\data\KiPA2022\trainstage\augtrain/Image/47_1.npy,D:\challenge\data\KiPA2022\trainstage\augtrain/Mask/47_1.npy
D:\challenge\data\KiPA2022\trainstage\augtrain/Image/47_10.npy,D:\challenge\data\KiPA2022\trainstage\augtrain/Mask/47_10.npy
D:\challenge\data\KiPA2022\trainstage\augtrain/Image/47_2.npy,D:\challenge\data\KiPA2022\trainstage\augtrain/Mask/47_2.npy
D:\challenge\data\KiPA2022\trainstage\augtrain/Image/47_3.npy,D:\challenge\data\KiPA2022\trainstage\augtrain/Mask/47_3.npy
D:\challenge\data\KiPA2022\trainstage\augtrain/Image/47_4.npy,D:\challenge\data\KiPA2022\trainstage\augtrain/Mask/47_4.npy
D:\challenge\data\KiPA2022\trainstage\augtrain/Image/47_5.npy,D:\challenge\data\KiPA2022\trainstage\augtrain/Mask/47_5.npy
D:\challenge\data\KiPA2022\trainstage\augtrain/Image/47_6.npy,D:\challenge\data\KiPA2022\trainstage\augtrain/Mask/47_6.npy
D:\challenge\data\KiPA2022\trainstage\augtrain/Image/47_7.npy,D:\challenge\data\KiPA2022\trainstage\augtrain/Mask/47_7.npy
D:\challenge\data\KiPA2022\trainstage\augtrain/Image/47_8.npy,D:\challenge\data\KiPA2022\trainstage\augtrain/Mask/47_8.npy
D:\challenge\data\KiPA2022\trainstage\augtrain/Image/47_9.npy,D:\challenge\data\KiPA2022\trainstage\augtrain/Mask/47_9.npy
D:\challenge\data\KiPA2022\trainstage\augtrain/Image/48_1.npy,D:\challenge\data\KiPA2022\trainstage\augtrain/Mask/48_1.npy
D:\challenge\data\KiPA2022\trainstage\augtrain/Image/48_10.npy,D:\challenge\data\KiPA2022\trainstage\augtrain/Mask/48_10.npy
D:\challenge\data\KiPA2022\trainstage\augtrain/Image/48_2.npy,D:\challenge\data\KiPA2022\trainstage\augtrain/Mask/48_2.npy
D:\challenge\data\KiPA2022\trainstage\augtrain/Image/48_3.npy,D:\challenge\data\KiPA2022\trainstage\augtrain/Mask/48_3.npy
D:\challenge\data\KiPA2022\trainstage\augtrain/Image/48_4.npy,D:\challenge\data\KiPA2022\trainstage\augtrain/Mask/48_4.npy
D:\challenge\data\KiPA2022\trainstage\augtrain/Image/48_5.npy,D:\challenge\data\KiPA2022\trainstage\augtrain/Mask/48_5.npy
D:\challenge\data\KiPA2022\trainstage\augtrain/Image/48_6.npy,D:\challenge\data\KiPA2022\trainstage\augtrain/Mask/48_6.npy
D:\challenge\data\KiPA2022\trainstage\augtrain/Image/48_7.npy,D:\challenge\data\KiPA2022\trainstage\augtrain/Mask/48_7.npy
D:\challenge\data\KiPA2022\trainstage\augtrain/Image/48_8.npy,D:\challenge\data\KiPA2022\trainstage\augtrain/Mask/48_8.npy
D:\challenge\data\KiPA2022\trainstage\augtrain/Image/48_9.npy,D:\challenge\data\KiPA2022\trainstage\augtrain/Mask/48_9.npy
D:\challenge\data\KiPA2022\trainstage\augtrain/Image/49_1.npy,D:\challenge\data\KiPA2022\trainstage\augtrain/Mask/49_1.npy
D:\challenge\data\KiPA2022\trainstage\augtrain/Image/49_10.npy,D:\challenge\data\KiPA2022\trainstage\augtrain/Mask/49_10.npy
D:\challenge\data\KiPA2022\trainstage\augtrain/Image/49_2.npy,D:\challenge\data\KiPA2022\trainstage\augtrain/Mask/49_2.npy
D:\challenge\data\KiPA2022\trainstage\augtrain/Image/49_3.npy,D:\challenge\data\KiPA2022\trainstage\augtrain/Mask/49_3.npy
D:\challenge\data\KiPA2022\trainstage\augtrain/Image/49_4.npy,D:\challenge\data\KiPA2022\trainstage\augtrain/Mask/49_4.npy
D:\challenge\data\KiPA2022\trainstage\augtrain/Image/49_5.npy,D:\challenge\data\KiPA2022\trainstage\augtrain/Mask/49_5.npy
D:\challenge\data\KiPA2022\trainstage\augtrain/Image/49_6.npy,D:\challenge\data\KiPA2022\trainstage\augtrain/Mask/49_6.npy
D:\challenge\data\KiPA2022\trainstage\augtrain/Image/49_7.npy,D:\challenge\data\KiPA2022\trainstage\augtrain/Mask/49_7.npy
D:\challenge\data\KiPA2022\trainstage\augtrain/Image/49_8.npy,D:\challenge\data\KiPA2022\trainstage\augtrain/Mask/49_8.npy
D:\challenge\data\KiPA2022\trainstage\augtrain/Image/49_9.npy,D:\challenge\data\KiPA2022\trainstage\augtrain/Mask/49_9.npy
D:\challenge\data\KiPA2022\trainstage\augtrain/Image/4_1.npy,D:\challenge\data\KiPA2022\trainstage\augtrain/Mask/4_1.npy
D:\challenge\data\KiPA2022\trainstage\augtrain/Image/4_10.npy,D:\challenge\data\KiPA2022\trainstage\augtrain/Mask/4_10.npy
D:\challenge\data\KiPA2022\trainstage\augtrain/Image/4_2.npy,D:\challenge\data\KiPA2022\trainstage\augtrain/Mask/4_2.npy
D:\challenge\data\KiPA2022\trainstage\augtrain/Image/4_3.npy,D:\challenge\data\KiPA2022\trainstage\augtrain/Mask/4_3.npy
D:\challenge\data\KiPA2022\trainstage\augtrain/Image/4_4.npy,D:\challenge\data\KiPA2022\trainstage\augtrain/Mask/4_4.npy
D:\challenge\data\KiPA2022\trainstage\augtrain/Image/4_5.npy,D:\challenge\data\KiPA2022\trainstage\augtrain/Mask/4_5.npy
D:\challenge\data\KiPA2022\trainstage\augtrain/Image/4_6.npy,D:\challenge\data\KiPA2022\trainstage\augtrain/Mask/4_6.npy
D:\challenge\data\KiPA2022\trainstage\augtrain/Image/4_7.npy,D:\challenge\data\KiPA2022\trainstage\augtrain/Mask/4_7.npy
D:\challenge\data\KiPA2022\trainstage\augtrain/Image/4_8.npy,D:\challenge\data\KiPA2022\trainstage\augtrain/Mask/4_8.npy
D:\challenge\data\KiPA2022\trainstage\augtrain/Image/4_9.npy,D:\challenge\data\KiPA2022\trainstage\augtrain/Mask/4_9.npy
D:\challenge\data\KiPA2022\trainstage\augtrain/Image/50_1.npy,D:\challenge\data\KiPA2022\trainstage\augtrain/Mask/50_1.npy
D:\challenge\data\KiPA2022\trainstage\augtrain/Image/50_10.npy,D:\challenge\data\KiPA2022\trainstage\augtrain/Mask/50_10.npy
D:\challenge\data\KiPA2022\trainstage\augtrain/Image/50_2.npy,D:\challenge\data\KiPA2022\trainstage\augtrain/Mask/50_2.npy
D:\challenge\data\KiPA2022\trainstage\augtrain/Image/50_3.npy,D:\challenge\data\KiPA2022\trainstage\augtrain/Mask/50_3.npy
D:\challenge\data\KiPA2022\trainstage\augtrain/Image/50_4.npy,D:\challenge\data\KiPA2022\trainstage\augtrain/Mask/50_4.npy
D:\challenge\data\KiPA2022\trainstage\augtrain/Image/50_5.npy,D:\challenge\data\KiPA2022\trainstage\augtrain/Mask/50_5.npy
D:\challenge\data\KiPA2022\trainstage\augtrain/Image/50_6.npy,D:\challenge\data\KiPA2022\trainstage\augtrain/Mask/50_6.npy
D:\challenge\data\KiPA2022\trainstage\augtrain/Image/50_7.npy,D:\challenge\data\KiPA2022\trainstage\augtrain/Mask/50_7.npy
D:\challenge\data\KiPA2022\trainstage\augtrain/Image/50_8.npy,D:\challenge\data\KiPA2022\trainstage\augtrain/Mask/50_8.npy
D:\challenge\data\KiPA2022\trainstage\augtrain/Image/50_9.npy,D:\challenge\data\KiPA2022\trainstage\augtrain/Mask/50_9.npy
D:\challenge\data\KiPA2022\trainstage\augtrain/Image/51_1.npy,D:\challenge\data\KiPA2022\trainstage\augtrain/Mask/51_1.npy
D:\challenge\data\KiPA2022\trainstage\augtrain/Image/51_10.npy,D:\challenge\data\KiPA2022\trainstage\augtrain/Mask/51_10.npy
D:\challenge\data\KiPA2022\trainstage\augtrain/Image/51_2.npy,D:\challenge\data\KiPA2022\trainstage\augtrain/Mask/51_2.npy
D:\challenge\data\KiPA2022\trainstage\augtrain/Image/51_3.npy,D:\challenge\data\KiPA2022\trainstage\augtrain/Mask/51_3.npy
D:\challenge\data\KiPA2022\trainstage\augtrain/Image/51_4.npy,D:\challenge\data\KiPA2022\trainstage\augtrain/Mask/51_4.npy
D:\challenge\data\KiPA2022\trainstage\augtrain/Image/51_5.npy,D:\challenge\data\KiPA2022\trainstage\augtrain/Mask/51_5.npy
D:\challenge\data\KiPA2022\trainstage\augtrain/Image/51_6.npy,D:\challenge\data\KiPA2022\trainstage\augtrain/Mask/51_6.npy
D:\challenge\data\KiPA2022\trainstage\augtrain/Image/51_7.npy,D:\challenge\data\KiPA2022\trainstage\augtrain/Mask/51_7.npy
D:\challenge\data\KiPA2022\trainstage\augtrain/Image/51_8.npy,D:\challenge\data\KiPA2022\trainstage\augtrain/Mask/51_8.npy
D:\challenge\data\KiPA2022\trainstage\augtrain/Image/51_9.npy,D:\challenge\data\KiPA2022\trainstage\augtrain/Mask/51_9.npy
D:\challenge\data\KiPA2022\trainstage\augtrain/Image/52_1.npy,D:\challenge\data\KiPA2022\trainstage\augtrain/Mask/52_1.npy
D:\challenge\data\KiPA2022\trainstage\augtrain/Image/52_10.npy,D:\challenge\data\KiPA2022\trainstage\augtrain/Mask/52_10.npy
D:\challenge\data\KiPA2022\trainstage\augtrain/Image/52_2.npy,D:\challenge\data\KiPA2022\trainstage\augtrain/Mask/52_2.npy
D:\challenge\data\KiPA2022\trainstage\augtrain/Image/52_3.npy,D:\challenge\data\KiPA2022\trainstage\augtrain/Mask/52_3.npy
D:\challenge\data\KiPA2022\trainstage\augtrain/Image/52_4.npy,D:\challenge\data\KiPA2022\trainstage\augtrain/Mask/52_4.npy
D:\challenge\data\KiPA2022\trainstage\augtrain/Image/52_5.npy,D:\challenge\data\KiPA2022\trainstage\augtrain/Mask/52_5.npy
D:\challenge\data\KiPA2022\trainstage\augtrain/Image/52_6.npy,D:\challenge\data\KiPA2022\trainstage\augtrain/Mask/52_6.npy
D:\challenge\data\KiPA2022\trainstage\augtrain/Image/52_7.npy,D:\challenge\data\KiPA2022\trainstage\augtrain/Mask/52_7.npy
D:\challenge\data\KiPA2022\trainstage\augtrain/Image/52_8.npy,D:\challenge\data\KiPA2022\trainstage\augtrain/Mask/52_8.npy
D:\challenge\data\KiPA2022\trainstage\augtrain/Image/52_9.npy,D:\challenge\data\KiPA2022\trainstage\augtrain/Mask/52_9.npy
D:\challenge\data\KiPA2022\trainstage\augtrain/Image/53_1.npy,D:\challenge\data\KiPA2022\trainstage\augtrain/Mask/53_1.npy
D:\challenge\data\KiPA2022\trainstage\augtrain/Image/53_10.npy,D:\challenge\data\KiPA2022\trainstage\augtrain/Mask/53_10.npy
D:\challenge\data\KiPA2022\trainstage\augtrain/Image/53_2.npy,D:\challenge\data\KiPA2022\trainstage\augtrain/Mask/53_2.npy
D:\challenge\data\KiPA2022\trainstage\augtrain/Image/53_3.npy,D:\challenge\data\KiPA2022\trainstage\augtrain/Mask/53_3.npy
D:\challenge\data\KiPA2022\trainstage\augtrain/Image/53_4.npy,D:\challenge\data\KiPA2022\trainstage\augtrain/Mask/53_4.npy
D:\challenge\data\KiPA2022\trainstage\augtrain/Image/53_5.npy,D:\challenge\data\KiPA2022\trainstage\augtrain/Mask/53_5.npy
D:\challenge\data\KiPA2022\trainstage\augtrain/Image/53_6.npy,D:\challenge\data\KiPA2022\trainstage\augtrain/Mask/53_6.npy
D:\challenge\data\KiPA2022\trainstage\augtrain/Image/53_7.npy,D:\challenge\data\KiPA2022\trainstage\augtrain/Mask/53_7.npy
D:\challenge\data\KiPA2022\trainstage\augtrain/Image/53_8.npy,D:\challenge\data\KiPA2022\trainstage\augtrain/Mask/53_8.npy
D:\challenge\data\KiPA2022\trainstage\augtrain/Image/53_9.npy,D:\challenge\data\KiPA2022\trainstage\augtrain/Mask/53_9.npy
D:\challenge\data\KiPA2022\trainstage\augtrain/Image/54_1.npy,D:\challenge\data\KiPA2022\trainstage\augtrain/Mask/54_1.npy
D:\challenge\data\KiPA2022\trainstage\augtrain/Image/54_10.npy,D:\challenge\data\KiPA2022\trainstage\augtrain/Mask/54_10.npy
D:\challenge\data\KiPA2022\trainstage\augtrain/Image/54_2.npy,D:\challenge\data\KiPA2022\trainstage\augtrain/Mask/54_2.npy
D:\challenge\data\KiPA2022\trainstage\augtrain/Image/54_3.npy,D:\challenge\data\KiPA2022\trainstage\augtrain/Mask/54_3.npy
D:\challenge\data\KiPA2022\trainstage\augtrain/Image/54_4.npy,D:\challenge\data\KiPA2022\trainstage\augtrain/Mask/54_4.npy
D:\challenge\data\KiPA2022\trainstage\augtrain/Image/54_5.npy,D:\challenge\data\KiPA2022\trainstage\augtrain/Mask/54_5.npy
D:\challenge\data\KiPA2022\trainstage\augtrain/Image/54_6.npy,D:\challenge\data\KiPA2022\trainstage\augtrain/Mask/54_6.npy
D:\challenge\data\KiPA2022\trainstage\augtrain/Image/54_7.npy,D:\challenge\data\KiPA2022\trainstage\augtrain/Mask/54_7.npy
D:\challenge\data\KiPA2022\trainstage\augtrain/Image/54_8.npy,D:\challenge\data\KiPA2022\trainstage\augtrain/Mask/54_8.npy
D:\challenge\data\KiPA2022\trainstage\augtrain/Image/54_9.npy,D:\challenge\data\KiPA2022\trainstage\augtrain/Mask/54_9.npy
D:\challenge\data\KiPA2022\trainstage\augtrain/Image/55_1.npy,D:\challenge\data\KiPA2022\trainstage\augtrain/Mask/55_1.npy
D:\challenge\data\KiPA2022\trainstage\augtrain/Image/55_10.npy,D:\challenge\data\KiPA2022\trainstage\augtrain/Mask/55_10.npy
D:\challenge\data\KiPA2022\trainstage\augtrain/Image/55_2.npy,D:\challenge\data\KiPA2022\trainstage\augtrain/Mask/55_2.npy
D:\challenge\data\KiPA2022\trainstage\augtrain/Image/55_3.npy,D:\challenge\data\KiPA2022\trainstage\augtrain/Mask/55_3.npy
D:\challenge\data\KiPA2022\trainstage\augtrain/Image/55_4.npy,D:\challenge\data\KiPA2022\trainstage\augtrain/Mask/55_4.npy
D:\challenge\data\KiPA2022\trainstage\augtrain/Image/55_5.npy,D:\challenge\data\KiPA2022\trainstage\augtrain/Mask/55_5.npy
D:\challenge\data\KiPA2022\trainstage\augtrain/Image/55_6.npy,D:\challenge\data\KiPA2022\trainstage\augtrain/Mask/55_6.npy
D:\challenge\data\KiPA2022\trainstage\augtrain/Image/55_7.npy,D:\challenge\data\KiPA2022\trainstage\augtrain/Mask/55_7.npy
D:\challenge\data\KiPA2022\trainstage\augtrain/Image/55_8.npy,D:\challenge\data\KiPA2022\trainstage\augtrain/Mask/55_8.npy
D:\challenge\data\KiPA2022\trainstage\augtrain/Image/55_9.npy,D:\challenge\data\KiPA2022\trainstage\augtrain/Mask/55_9.npy
D:\challenge\data\KiPA2022\trainstage\augtrain/Image/56_1.npy,D:\challenge\data\KiPA2022\trainstage\augtrain/Mask/56_1.npy
D:\challenge\data\KiPA2022\trainstage\augtrain/Image/56_10.npy,D:\challenge\data\KiPA2022\trainstage\augtrain/Mask/56_10.npy
D:\challenge\data\KiPA2022\trainstage\augtrain/Image/56_2.npy,D:\challenge\data\KiPA2022\trainstage\augtrain/Mask/56_2.npy
D:\challenge\data\KiPA2022\trainstage\augtrain/Image/56_3.npy,D:\challenge\data\KiPA2022\trainstage\augtrain/Mask/56_3.npy
D:\challenge\data\KiPA2022\trainstage\augtrain/Image/56_4.npy,D:\challenge\data\KiPA2022\trainstage\augtrain/Mask/56_4.npy
D:\challenge\data\KiPA2022\trainstage\augtrain/Image/56_5.npy,D:\challenge\data\KiPA2022\trainstage\augtrain/Mask/56_5.npy
D:\challenge\data\KiPA2022\trainstage\augtrain/Image/56_6.npy,D:\challenge\data\KiPA2022\trainstage\augtrain/Mask/56_6.npy
D:\challenge\data\KiPA2022\trainstage\augtrain/Image/56_7.npy,D:\challenge\data\KiPA2022\trainstage\augtrain/Mask/56_7.npy
D:\challenge\data\KiPA2022\trainstage\augtrain/Image/56_8.npy,D:\challenge\data\KiPA2022\trainstage\augtrain/Mask/56_8.npy
D:\challenge\data\KiPA2022\trainstage\augtrain/Image/56_9.npy,D:\challenge\data\KiPA2022\trainstage\augtrain/Mask/56_9.npy
D:\challenge\data\KiPA2022\trainstage\augtrain/Image/57_1.npy,D:\challenge\data\KiPA2022\trainstage\augtrain/Mask/57_1.npy
D:\challenge\data\KiPA2022\trainstage\augtrain/Image/57_10.npy,D:\challenge\data\KiPA2022\trainstage\augtrain/Mask/57_10.npy
D:\challenge\data\KiPA2022\trainstage\augtrain/Image/57_2.npy,D:\challenge\data\KiPA2022\trainstage\augtrain/Mask/57_2.npy
D:\challenge\data\KiPA2022\trainstage\augtrain/Image/57_3.npy,D:\challenge\data\KiPA2022\trainstage\augtrain/Mask/57_3.npy
D:\challenge\data\KiPA2022\trainstage\augtrain/Image/57_4.npy,D:\challenge\data\KiPA2022\trainstage\augtrain/Mask/57_4.npy
D:\challenge\data\KiPA2022\trainstage\augtrain/Image/57_5.npy,D:\challenge\data\KiPA2022\trainstage\augtrain/Mask/57_5.npy
D:\challenge\data\KiPA2022\trainstage\augtrain/Image/57_6.npy,D:\challenge\data\KiPA2022\trainstage\augtrain/Mask/57_6.npy
D:\challenge\data\KiPA2022\trainstage\augtrain/Image/57_7.npy,D:\challenge\data\KiPA2022\trainstage\augtrain/Mask/57_7.npy
D:\challenge\data\KiPA2022\trainstage\augtrain/Image/57_8.npy,D:\challenge\data\KiPA2022\trainstage\augtrain/Mask/57_8.npy
D:\challenge\data\KiPA2022\trainstage\augtrain/Image/57_9.npy,D:\challenge\data\KiPA2022\trainstage\augtrain/Mask/57_9.npy
D:\challenge\data\KiPA2022\trainstage\augtrain/Image/58_1.npy,D:\challenge\data\KiPA2022\trainstage\augtrain/Mask/58_1.npy
D:\challenge\data\KiPA2022\trainstage\augtrain/Image/58_10.npy,D:\challenge\data\KiPA2022\trainstage\augtrain/Mask/58_10.npy
D:\challenge\data\KiPA2022\trainstage\augtrain/Image/58_2.npy,D:\challenge\data\KiPA2022\trainstage\augtrain/Mask/58_2.npy
D:\challenge\data\KiPA2022\trainstage\augtrain/Image/58_3.npy,D:\challenge\data\KiPA2022\trainstage\augtrain/Mask/58_3.npy
D:\challenge\data\KiPA2022\trainstage\augtrain/Image/58_4.npy,D:\challenge\data\KiPA2022\trainstage\augtrain/Mask/58_4.npy
D:\challenge\data\KiPA2022\trainstage\augtrain/Image/58_5.npy,D:\challenge\data\KiPA2022\trainstage\augtrain/Mask/58_5.npy
D:\challenge\data\KiPA2022\trainstage\augtrain/Image/58_6.npy,D:\challenge\data\KiPA2022\trainstage\augtrain/Mask/58_6.npy
D:\challenge\data\KiPA2022\trainstage\augtrain/Image/58_7.npy,D:\challenge\data\KiPA2022\trainstage\augtrain/Mask/58_7.npy
D:\challenge\data\KiPA2022\trainstage\augtrain/Image/58_8.npy,D:\challenge\data\KiPA2022\trainstage\augtrain/Mask/58_8.npy
D:\challenge\data\KiPA2022\trainstage\augtrain/Image/58_9.npy,D:\challenge\data\KiPA2022\trainstage\augtrain/Mask/58_9.npy
D:\challenge\data\KiPA2022\trainstage\augtrain/Image/59_1.npy,D:\challenge\data\KiPA2022\trainstage\augtrain/Mask/59_1.npy
D:\challenge\data\KiPA2022\trainstage\augtrain/Image/59_10.npy,D:\challenge\data\KiPA2022\trainstage\augtrain/Mask/59_10.npy
D:\challenge\data\KiPA2022\trainstage\augtrain/Image/59_2.npy,D:\challenge\data\KiPA2022\trainstage\augtrain/Mask/59_2.npy
D:\challenge\data\KiPA2022\trainstage\augtrain/Image/59_3.npy,D:\challenge\data\KiPA2022\trainstage\augtrain/Mask/59_3.npy
D:\challenge\data\KiPA2022\trainstage\augtrain/Image/59_4.npy,D:\challenge\data\KiPA2022\trainstage\augtrain/Mask/59_4.npy
D:\challenge\data\KiPA2022\trainstage\augtrain/Image/59_5.npy,D:\challenge\data\KiPA2022\trainstage\augtrain/Mask/59_5.npy
D:\challenge\data\KiPA2022\trainstage\augtrain/Image/59_6.npy,D:\challenge\data\KiPA2022\trainstage\augtrain/Mask/59_6.npy
D:\challenge\data\KiPA2022\trainstage\augtrain/Image/59_7.npy,D:\challenge\data\KiPA2022\trainstage\augtrain/Mask/59_7.npy
D:\challenge\data\KiPA2022\trainstage\augtrain/Image/59_8.npy,D:\challenge\data\KiPA2022\trainstage\augtrain/Mask/59_8.npy
D:\challenge\data\KiPA2022\trainstage\augtrain/Image/59_9.npy,D:\challenge\data\KiPA2022\trainstage\augtrain/Mask/59_9.npy
D:\challenge\data\KiPA2022\trainstage\augtrain/Image/5_1.npy,D:\challenge\data\KiPA2022\trainstage\augtrain/Mask/5_1.npy
D:\challenge\data\KiPA2022\trainstage\augtrain/Image/5_10.npy,D:\challenge\data\KiPA2022\trainstage\augtrain/Mask/5_10.npy
D:\challenge\data\KiPA2022\trainstage\augtrain/Image/5_2.npy,D:\challenge\data\KiPA2022\trainstage\augtrain/Mask/5_2.npy
D:\challenge\data\KiPA2022\trainstage\augtrain/Image/5_3.npy,D:\challenge\data\KiPA2022\trainstage\augtrain/Mask/5_3.npy
D:\challenge\data\KiPA2022\trainstage\augtrain/Image/5_4.npy,D:\challenge\data\KiPA2022\trainstage\augtrain/Mask/5_4.npy
D:\challenge\data\KiPA2022\trainstage\augtrain/Image/5_5.npy,D:\challenge\data\KiPA2022\trainstage\augtrain/Mask/5_5.npy
D:\challenge\data\KiPA2022\trainstage\augtrain/Image/5_6.npy,D:\challenge\data\KiPA2022\trainstage\augtrain/Mask/5_6.npy
D:\challenge\data\KiPA2022\trainstage\augtrain/Image/5_7.npy,D:\challenge\data\KiPA2022\trainstage\augtrain/Mask/5_7.npy
D:\challenge\data\KiPA2022\trainstage\augtrain/Image/5_8.npy,D:\challenge\data\KiPA2022\trainstage\augtrain/Mask/5_8.npy
D:\challenge\data\KiPA2022\trainstage\augtrain/Image/5_9.npy,D:\challenge\data\KiPA2022\trainstage\augtrain/Mask/5_9.npy
D:\challenge\data\KiPA2022\trainstage\augtrain/Image/60_1.npy,D:\challenge\data\KiPA2022\trainstage\augtrain/Mask/60_1.npy
D:\challenge\data\KiPA2022\trainstage\augtrain/Image/60_10.npy,D:\challenge\data\KiPA2022\trainstage\augtrain/Mask/60_10.npy
D:\challenge\data\KiPA2022\trainstage\augtrain/Image/60_2.npy,D:\challenge\data\KiPA2022\trainstage\augtrain/Mask/60_2.npy
D:\challenge\data\KiPA2022\trainstage\augtrain/Image/60_3.npy,D:\challenge\data\KiPA2022\trainstage\augtrain/Mask/60_3.npy
D:\challenge\data\KiPA2022\trainstage\augtrain/Image/60_4.npy,D:\challenge\data\KiPA2022\trainstage\augtrain/Mask/60_4.npy
D:\challenge\data\KiPA2022\trainstage\augtrain/Image/60_5.npy,D:\challenge\data\KiPA2022\trainstage\augtrain/Mask/60_5.npy
D:\challenge\data\KiPA2022\trainstage\augtrain/Image/60_6.npy,D:\challenge\data\KiPA2022\trainstage\augtrain/Mask/60_6.npy
D:\challenge\data\KiPA2022\trainstage\augtrain/Image/60_7.npy,D:\challenge\data\KiPA2022\trainstage\augtrain/Mask/60_7.npy
D:\challenge\data\KiPA2022\trainstage\augtrain/Image/60_8.npy,D:\challenge\data\KiPA2022\trainstage\augtrain/Mask/60_8.npy
D:\challenge\data\KiPA2022\trainstage\augtrain/Image/60_9.npy,D:\challenge\data\KiPA2022\trainstage\augtrain/Mask/60_9.npy
D:\challenge\data\KiPA2022\trainstage\augtrain/Image/61_1.npy,D:\challenge\data\KiPA2022\trainstage\augtrain/Mask/61_1.npy
D:\challenge\data\KiPA2022\trainstage\augtrain/Image/61_10.npy,D:\challenge\data\KiPA2022\trainstage\augtrain/Mask/61_10.npy
D:\challenge\data\KiPA2022\trainstage\augtrain/Image/61_2.npy,D:\challenge\data\KiPA2022\trainstage\augtrain/Mask/61_2.npy
D:\challenge\data\KiPA2022\trainstage\augtrain/Image/61_3.npy,D:\challenge\data\KiPA2022\trainstage\augtrain/Mask/61_3.npy
D:\challenge\data\KiPA2022\trainstage\augtrain/Image/61_4.npy,D:\challenge\data\KiPA2022\trainstage\augtrain/Mask/61_4.npy
D:\challenge\data\KiPA2022\trainstage\augtrain/Image/61_5.npy,D:\challenge\data\KiPA2022\trainstage\augtrain/Mask/61_5.npy
D:\challenge\data\KiPA2022\trainstage\augtrain/Image/61_6.npy,D:\challenge\data\KiPA2022\trainstage\augtrain/Mask/61_6.npy
D:\challenge\data\KiPA2022\trainstage\augtrain/Image/61_7.npy,D:\challenge\data\KiPA2022\trainstage\augtrain/Mask/61_7.npy
D:\challenge\data\KiPA2022\trainstage\augtrain/Image/61_8.npy,D:\challenge\data\KiPA2022\trainstage\augtrain/Mask/61_8.npy
D:\challenge\data\KiPA2022\trainstage\augtrain/Image/61_9.npy,D:\challenge\data\KiPA2022\trainstage\augtrain/Mask/61_9.npy
D:\challenge\data\KiPA2022\trainstage\augtrain/Image/62_1.npy,D:\challenge\data\KiPA2022\trainstage\augtrain/Mask/62_1.npy
D:\challenge\data\KiPA2022\trainstage\augtrain/Image/62_10.npy,D:\challenge\data\KiPA2022\trainstage\augtrain/Mask/62_10.npy
D:\challenge\data\KiPA2022\trainstage\augtrain/Image/62_2.npy,D:\challenge\data\KiPA2022\trainstage\augtrain/Mask/62_2.npy
D:\challenge\data\KiPA2022\trainstage\augtrain/Image/62_3.npy,D:\challenge\data\KiPA2022\trainstage\augtrain/Mask/62_3.npy
D:\challenge\data\KiPA2022\trainstage\augtrain/Image/62_4.npy,D:\challenge\data\KiPA2022\trainstage\augtrain/Mask/62_4.npy
D:\challenge\data\KiPA2022\trainstage\augtrain/Image/62_5.npy,D:\challenge\data\KiPA2022\trainstage\augtrain/Mask/62_5.npy
D:\challenge\data\KiPA2022\trainstage\augtrain/Image/62_6.npy,D:\challenge\data\KiPA2022\trainstage\augtrain/Mask/62_6.npy
D:\challenge\data\KiPA2022\trainstage\augtrain/Image/62_7.npy,D:\challenge\data\KiPA2022\trainstage\augtrain/Mask/62_7.npy
D:\challenge\data\KiPA2022\trainstage\augtrain/Image/62_8.npy,D:\challenge\data\KiPA2022\trainstage\augtrain/Mask/62_8.npy
D:\challenge\data\KiPA2022\trainstage\augtrain/Image/62_9.npy,D:\challenge\data\KiPA2022\trainstage\augtrain/Mask/62_9.npy
D:\challenge\data\KiPA2022\trainstage\augtrain/Image/63_1.npy,D:\challenge\data\KiPA2022\trainstage\augtrain/Mask/63_1.npy
D:\challenge\data\KiPA2022\trainstage\augtrain/Image/63_10.npy,D:\challenge\data\KiPA2022\trainstage\augtrain/Mask/63_10.npy
D:\challenge\data\KiPA2022\trainstage\augtrain/Image/63_2.npy,D:\challenge\data\KiPA2022\trainstage\augtrain/Mask/63_2.npy
D:\challenge\data\KiPA2022\trainstage\augtrain/Image/63_3.npy,D:\challenge\data\KiPA2022\trainstage\augtrain/Mask/63_3.npy
D:\challenge\data\KiPA2022\trainstage\augtrain/Image/63_4.npy,D:\challenge\data\KiPA2022\trainstage\augtrain/Mask/63_4.npy
D:\challenge\data\KiPA2022\trainstage\augtrain/Image/63_5.npy,D:\challenge\data\KiPA2022\trainstage\augtrain/Mask/63_5.npy
D:\challenge\data\KiPA2022\trainstage\augtrain/Image/63_6.npy,D:\challenge\data\KiPA2022\trainstage\augtrain/Mask/63_6.npy
D:\challenge\data\KiPA2022\trainstage\augtrain/Image/63_7.npy,D:\challenge\data\KiPA2022\trainstage\augtrain/Mask/63_7.npy
D:\challenge\data\KiPA2022\trainstage\augtrain/Image/63_8.npy,D:\challenge\data\KiPA2022\trainstage\augtrain/Mask/63_8.npy
D:\challenge\data\KiPA2022\trainstage\augtrain/Image/63_9.npy,D:\challenge\data\KiPA2022\trainstage\augtrain/Mask/63_9.npy
D:\challenge\data\KiPA2022\trainstage\augtrain/Image/64_1.npy,D:\challenge\data\KiPA2022\trainstage\augtrain/Mask/64_1.npy
D:\challenge\data\KiPA2022\trainstage\augtrain/Image/64_10.npy,D:\challenge\data\KiPA2022\trainstage\augtrain/Mask/64_10.npy
D:\challenge\data\KiPA2022\trainstage\augtrain/Image/64_2.npy,D:\challenge\data\KiPA2022\trainstage\augtrain/Mask/64_2.npy
D:\challenge\data\KiPA2022\trainstage\augtrain/Image/64_3.npy,D:\challenge\data\KiPA2022\trainstage\augtrain/Mask/64_3.npy
D:\challenge\data\KiPA2022\trainstage\augtrain/Image/64_4.npy,D:\challenge\data\KiPA2022\trainstage\augtrain/Mask/64_4.npy
D:\challenge\data\KiPA2022\trainstage\augtrain/Image/64_5.npy,D:\challenge\data\KiPA2022\trainstage\augtrain/Mask/64_5.npy
D:\challenge\data\KiPA2022\trainstage\augtrain/Image/64_6.npy,D:\challenge\data\KiPA2022\trainstage\augtrain/Mask/64_6.npy
D:\challenge\data\KiPA2022\trainstage\augtrain/Image/64_7.npy,D:\challenge\data\KiPA2022\trainstage\augtrain/Mask/64_7.npy
D:\challenge\data\KiPA2022\trainstage\augtrain/Image/64_8.npy,D:\challenge\data\KiPA2022\trainstage\augtrain/Mask/64_8.npy
D:\challenge\data\KiPA2022\trainstage\augtrain/Image/64_9.npy,D:\challenge\data\KiPA2022\trainstage\augtrain/Mask/64_9.npy
D:\challenge\data\KiPA2022\trainstage\augtrain/Image/6_1.npy,D:\challenge\data\KiPA2022\trainstage\augtrain/Mask/6_1.npy
D:\challenge\data\KiPA2022\trainstage\augtrain/Image/6_10.npy,D:\challenge\data\KiPA2022\trainstage\augtrain/Mask/6_10.npy
D:\challenge\data\KiPA2022\trainstage\augtrain/Image/6_2.npy,D:\challenge\data\KiPA2022\trainstage\augtrain/Mask/6_2.npy
D:\challenge\data\KiPA2022\trainstage\augtrain/Image/6_3.npy,D:\challenge\data\KiPA2022\trainstage\augtrain/Mask/6_3.npy
D:\challenge\data\KiPA2022\trainstage\augtrain/Image/6_4.npy,D:\challenge\data\KiPA2022\trainstage\augtrain/Mask/6_4.npy
D:\challenge\data\KiPA2022\trainstage\augtrain/Image/6_5.npy,D:\challenge\data\KiPA2022\trainstage\augtrain/Mask/6_5.npy
D:\challenge\data\KiPA2022\trainstage\augtrain/Image/6_6.npy,D:\challenge\data\KiPA2022\trainstage\augtrain/Mask/6_6.npy
D:\challenge\data\KiPA2022\trainstage\augtrain/Image/6_7.npy,D:\challenge\data\KiPA2022\trainstage\augtrain/Mask/6_7.npy
D:\challenge\data\KiPA2022\trainstage\augtrain/Image/6_8.npy,D:\challenge\data\KiPA2022\trainstage\augtrain/Mask/6_8.npy
D:\challenge\data\KiPA2022\trainstage\augtrain/Image/6_9.npy,D:\challenge\data\KiPA2022\trainstage\augtrain/Mask/6_9.npy
D:\challenge\data\KiPA2022\trainstage\augtrain/Image/7_1.npy,D:\challenge\data\KiPA2022\trainstage\augtrain/Mask/7_1.npy
D:\challenge\data\KiPA2022\trainstage\augtrain/Image/7_10.npy,D:\challenge\data\KiPA2022\trainstage\augtrain/Mask/7_10.npy
D:\challenge\data\KiPA2022\trainstage\augtrain/Image/7_2.npy,D:\challenge\data\KiPA2022\trainstage\augtrain/Mask/7_2.npy
D:\challenge\data\KiPA2022\trainstage\augtrain/Image/7_3.npy,D:\challenge\data\KiPA2022\trainstage\augtrain/Mask/7_3.npy
D:\challenge\data\KiPA2022\trainstage\augtrain/Image/7_4.npy,D:\challenge\data\KiPA2022\trainstage\augtrain/Mask/7_4.npy
D:\challenge\data\KiPA2022\trainstage\augtrain/Image/7_5.npy,D:\challenge\data\KiPA2022\trainstage\augtrain/Mask/7_5.npy
D:\challenge\data\KiPA2022\trainstage\augtrain/Image/7_6.npy,D:\challenge\data\KiPA2022\trainstage\augtrain/Mask/7_6.npy
D:\challenge\data\KiPA2022\trainstage\augtrain/Image/7_7.npy,D:\challenge\data\KiPA2022\trainstage\augtrain/Mask/7_7.npy
D:\challenge\data\KiPA2022\trainstage\augtrain/Image/7_8.npy,D:\challenge\data\KiPA2022\trainstage\augtrain/Mask/7_8.npy
D:\challenge\data\KiPA2022\trainstage\augtrain/Image/7_9.npy,D:\challenge\data\KiPA2022\trainstage\augtrain/Mask/7_9.npy
D:\challenge\data\KiPA2022\trainstage\augtrain/Image/8_1.npy,D:\challenge\data\KiPA2022\trainstage\augtrain/Mask/8_1.npy
D:\challenge\data\KiPA2022\trainstage\augtrain/Image/8_10.npy,D:\challenge\data\KiPA2022\trainstage\augtrain/Mask/8_10.npy
D:\challenge\data\KiPA2022\trainstage\augtrain/Image/8_2.npy,D:\challenge\data\KiPA2022\trainstage\augtrain/Mask/8_2.npy
D:\challenge\data\KiPA2022\trainstage\augtrain/Image/8_3.npy,D:\challenge\data\KiPA2022\trainstage\augtrain/Mask/8_3.npy
D:\challenge\data\KiPA2022\trainstage\augtrain/Image/8_4.npy,D:\challenge\data\KiPA2022\trainstage\augtrain/Mask/8_4.npy
D:\challenge\data\KiPA2022\trainstage\augtrain/Image/8_5.npy,D:\challenge\data\KiPA2022\trainstage\augtrain/Mask/8_5.npy
D:\challenge\data\KiPA2022\trainstage\augtrain/Image/8_6.npy,D:\challenge\data\KiPA2022\trainstage\augtrain/Mask/8_6.npy
D:\challenge\data\KiPA2022\trainstage\augtrain/Image/8_7.npy,D:\challenge\data\KiPA2022\trainstage\augtrain/Mask/8_7.npy
D:\challenge\data\KiPA2022\trainstage\augtrain/Image/8_8.npy,D:\challenge\data\KiPA2022\trainstage\augtrain/Mask/8_8.npy
D:\challenge\data\KiPA2022\trainstage\augtrain/Image/8_9.npy,D:\challenge\data\KiPA2022\trainstage\augtrain/Mask/8_9.npy
D:\challenge\data\KiPA2022\trainstage\augtrain/Image/9_1.npy,D:\challenge\data\KiPA2022\trainstage\augtrain/Mask/9_1.npy
D:\challenge\data\KiPA2022\trainstage\augtrain/Image/9_10.npy,D:\challenge\data\KiPA2022\trainstage\augtrain/Mask/9_10.npy
D:\challenge\data\KiPA2022\trainstage\augtrain/Image/9_2.npy,D:\challenge\data\KiPA2022\trainstage\augtrain/Mask/9_2.npy
D:\challenge\data\KiPA2022\trainstage\augtrain/Image/9_3.npy,D:\challenge\data\KiPA2022\trainstage\augtrain/Mask/9_3.npy
D:\challenge\data\KiPA2022\trainstage\augtrain/Image/9_4.npy,D:\challenge\data\KiPA2022\trainstage\augtrain/Mask/9_4.npy
D:\challenge\data\KiPA2022\trainstage\augtrain/Image/9_5.npy,D:\challenge\data\KiPA2022\trainstage\augtrain/Mask/9_5.npy
D:\challenge\data\KiPA2022\trainstage\augtrain/Image/9_6.npy,D:\challenge\data\KiPA2022\trainstage\augtrain/Mask/9_6.npy
D:\challenge\data\KiPA2022\trainstage\augtrain/Image/9_7.npy,D:\challenge\data\KiPA2022\trainstage\augtrain/Mask/9_7.npy
D:\challenge\data\KiPA2022\trainstage\augtrain/Image/9_8.npy,D:\challenge\data\KiPA2022\trainstage\augtrain/Mask/9_8.npy
D:\challenge\data\KiPA2022\trainstage\augtrain/Image/9_9.npy,D:\challenge\data\KiPA2022\trainstage\augtrain/Mask/9_9.npy
