Image,Mask
D:\challenge\data\KiPA2022\trainstage\validation/Image/0.npy,D:\challenge\data\KiPA2022\trainstage\validation/Mask/0.npy
D:\challenge\data\KiPA2022\trainstage\validation/Image/1.npy,D:\challenge\data\KiPA2022\trainstage\validation/Mask/1.npy
D:\challenge\data\KiPA2022\trainstage\validation/Image/2.npy,D:\challenge\data\KiPA2022\trainstage\validation/Mask/2.npy
D:\challenge\data\KiPA2022\trainstage\validation/Image/3.npy,D:\challenge\data\KiPA2022\trainstage\validation/Mask/3.npy
D:\challenge\data\KiPA2022\trainstage\validation/Image/4.npy,D:\challenge\data\KiPA2022\trainstage\validation/Mask/4.npy
